Publication,Year_FY,Published_Date,Zone_No,Zone_Name,Peak_£/kW,YearRound_£/kW,HH_SGD_Adjustment_£/kW,HHTariff(Floored)_£/kW
Forecast,2027,12/09/2025,1,Northern Scotland,-1.836092,-36.242870,0.000000,0.000000
Forecast,2027,12/09/2025,2,Southern Scotland,-2.406216,-25.347772,0.000000,0.000000
Forecast,2027,12/09/2025,3,Northern,-3.719751,-9.868627,0.000000,0.000000
Forecast,2027,12/09/2025,4,North West,-1.813429,-3.613429,0.000000,0.000000
Forecast,2027,12/09/2025,5,Yorkshire,-2.807584,-2.185508,0.000000,0.000000
Forecast,2027,12/09/2025,6,N Wales & Mersey,-2.862316,0.854794,0.000000,0.000000
Forecast,2027,12/09/2025,7,East Midlands,-2.226429,2.161034,0.000000,0.000000
Forecast,2027,12/09/2025,8,Midlands,-1.538127,5.310706,0.000000,3.772579
Forecast,2027,12/09/2025,9,Eastern,1.492116,-0.846854,0.000000,0.645262
Forecast,2027,12/09/2025,10,South Wales,-4.023708,10.072202,0.000000,6.048494
Forecast,2027,12/09/2025,11,South East,4.232690,1.208145,0.000000,5.440835
Forecast,2027,12/09/2025,12,London,4.807569,2.248923,0.000000,7.056492
Forecast,2027,12/09/2025,13,Southern,2.623731,5.636696,0.000000,8.260427
Forecast,2027,12/09/2025,14,South Western,2.079893,11.839210,0.000000,13.919102
Forecast,2028,12/09/2025,1,Northern Scotland,-2.550630,-36.943279,0.000000,0.000000
Forecast,2028,12/09/2025,2,Southern Scotland,-3.016830,-25.908266,0.000000,0.000000
Forecast,2028,12/09/2025,3,Northern,-4.950326,-10.098865,0.000000,0.000000
Forecast,2028,12/09/2025,4,North West,-1.912934,-4.394641,0.000000,0.000000
Forecast,2028,12/09/2025,5,Yorkshire,-3.942476,-1.935185,0.000000,0.000000
Forecast,2028,12/09/2025,6,N Wales & Mersey,-1.904135,-0.256099,0.000000,0.000000
Forecast,2028,12/09/2025,7,East Midlands,-2.578801,2.233566,0.000000,0.000000
Forecast,2028,12/09/2025,8,Midlands,-1.073336,4.796499,0.000000,3.723162
Forecast,2028,12/09/2025,9,Eastern,1.435506,-0.517084,0.000000,0.918422
Forecast,2028,12/09/2025,10,South Wales,-2.116562,11.769114,0.000000,9.652552
Forecast,2028,12/09/2025,11,South East,4.513302,1.589689,0.000000,6.102991
Forecast,2028,12/09/2025,12,London,4.957282,2.616055,0.000000,7.573338
Forecast,2028,12/09/2025,13,Southern,2.676444,5.678392,0.000000,8.354836
Forecast,2028,12/09/2025,14,South Western,2.672187,12.291944,0.000000,14.964131
Forecast,2029,12/09/2025,1,Northern Scotland,-2.611756,-36.847493,0.000000,0.000000
Forecast,2029,12/09/2025,2,Southern Scotland,-2.733937,-25.633308,0.000000,0.000000
Forecast,2029,12/09/2025,3,Northern,-4.410733,-9.791024,0.000000,0.000000
Forecast,2029,12/09/2025,4,North West,-1.547218,-4.460245,0.000000,0.000000
Forecast,2029,12/09/2025,5,Yorkshire,-3.766662,-1.791036,0.000000,0.000000
Forecast,2029,12/09/2025,6,N Wales & Mersey,-1.648435,-0.724707,0.000000,0.000000
Forecast,2029,12/09/2025,7,East Midlands,-2.749512,2.164385,0.000000,0.000000
Forecast,2029,12/09/2025,8,Midlands,-1.211149,3.557314,0.000000,2.346165
Forecast,2029,12/09/2025,9,Eastern,1.538293,-0.154262,0.000000,1.384031
Forecast,2029,12/09/2025,10,South Wales,-4.744078,7.559093,0.000000,2.815015
Forecast,2029,12/09/2025,11,South East,5.108697,2.426523,0.000000,7.535220
Forecast,2029,12/09/2025,12,London,5.303764,2.987283,0.000000,8.291046
Forecast,2029,12/09/2025,13,Southern,3.038401,6.375863,0.000000,9.414264
Forecast,2029,12/09/2025,14,South Western,0.346276,10.987167,0.000000,11.333442
Forecast,2030,12/09/2025,1,Northern Scotland,-2.679530,-64.982749,0.000000,0.000000
Forecast,2030,12/09/2025,2,Southern Scotland,-2.805542,-47.271733,0.000000,0.000000
Forecast,2030,12/09/2025,3,Northern,-4.773402,-9.954223,0.000000,0.000000
Forecast,2030,12/09/2025,4,North West,-1.448704,-5.461631,0.000000,0.000000
Forecast,2030,12/09/2025,5,Yorkshire,-3.590914,0.378802,0.000000,0.000000
Forecast,2030,12/09/2025,6,N Wales & Mersey,-1.850570,-0.223244,0.000000,0.000000
Forecast,2030,12/09/2025,7,East Midlands,-2.533412,4.521965,0.000000,1.988553
Forecast,2030,12/09/2025,8,Midlands,-1.447487,5.973663,0.000000,4.526175
Forecast,2030,12/09/2025,9,Eastern,1.706470,2.711252,0.000000,4.417722
Forecast,2030,12/09/2025,10,South Wales,-5.125799,10.615766,0.000000,5.489967
Forecast,2030,12/09/2025,11,South East,4.951435,5.685035,0.000000,10.636469
Forecast,2030,12/09/2025,12,London,5.246315,6.083635,0.000000,11.329950
Forecast,2030,12/09/2025,13,Southern,2.908482,9.505889,0.000000,12.414371
Forecast,2030,12/09/2025,14,South Western,0.093782,14.199647,0.000000,14.293429
Forecast,2031,12/09/2025,1,Northern Scotland,-5.906141,-64.752452,0.000000,0.000000
Forecast,2031,12/09/2025,2,Southern Scotland,-4.928539,-47.898570,0.000000,0.000000
Forecast,2031,12/09/2025,3,Northern,-4.694079,-9.361147,0.000000,0.000000
Forecast,2031,12/09/2025,4,North West,-1.836226,-5.032718,0.000000,0.000000
Forecast,2031,12/09/2025,5,Yorkshire,-3.836331,1.007366,0.000000,0.000000
Forecast,2031,12/09/2025,6,N Wales & Mersey,-2.067469,1.867570,0.000000,0.000000
Forecast,2031,12/09/2025,7,East Midlands,-1.799488,4.530026,0.000000,2.730538
Forecast,2031,12/09/2025,8,Midlands,-1.303791,6.877865,0.000000,5.574074
Forecast,2031,12/09/2025,9,Eastern,2.571262,2.335306,0.000000,4.906569
Forecast,2031,12/09/2025,10,South Wales,-4.240166,11.413625,0.000000,7.173459
Forecast,2031,12/09/2025,11,South East,5.041380,5.052546,0.000000,10.093926
Forecast,2031,12/09/2025,12,London,5.874013,5.798164,0.000000,11.672177
Forecast,2031,12/09/2025,13,Southern,3.122458,8.757291,0.000000,11.879749
Forecast,2031,12/09/2025,14,South Western,-2.257515,11.216223,0.000000,8.958708
Forecast,2027,30/04/2025,1,Northern Scotland,-3.173189,-32.168040,0.000000,0.000000
Forecast,2027,30/04/2025,2,Southern Scotland,-3.753026,-21.739156,0.000000,0.000000
Forecast,2027,30/04/2025,3,Northern,-5.832979,-8.698161,0.000000,0.000000
Forecast,2027,30/04/2025,4,North West,-2.869262,-3.829322,0.000000,0.000000
Forecast,2027,30/04/2025,5,Yorkshire,-4.730148,-1.064221,0.000000,0.000000
Forecast,2027,30/04/2025,6,N Wales & Mersey,-2.780918,-0.358358,0.000000,0.000000
Forecast,2027,30/04/2025,7,East Midlands,-1.985550,1.142006,0.000000,0.000000
Forecast,2027,30/04/2025,8,Midlands,-0.987013,4.106118,0.000000,3.119104
Forecast,2027,30/04/2025,9,Eastern,1.988129,-1.351083,0.000000,0.637046
Forecast,2027,30/04/2025,10,South Wales,-2.295374,10.254536,0.000000,7.959162
Forecast,2027,30/04/2025,11,South East,4.697450,0.927758,0.000000,5.625208
Forecast,2027,30/04/2025,12,London,5.219083,1.774852,0.000000,6.993935
Forecast,2027,30/04/2025,13,Southern,3.327490,5.054598,0.000000,8.382088
Forecast,2027,30/04/2025,14,South Western,3.600030,11.966623,0.000000,15.566653
Final,2026,31/01/2025,1,Northern Scotland,-0.827604,-33.839448,0.000000,0.000000
Final,2026,31/01/2025,2,Southern Scotland,-1.321113,-23.621013,0.000000,0.000000
Final,2026,31/01/2025,3,Northern,-1.647426,-11.005420,0.000000,0.000000
Final,2026,31/01/2025,4,North West,-0.702065,-5.877306,0.000000,0.000000
Final,2026,31/01/2025,5,Yorkshire,-0.790016,-4.258236,0.000000,0.000000
Final,2026,31/01/2025,6,N Wales & Mersey,-1.884671,-1.423140,0.000000,0.000000
Final,2026,31/01/2025,7,East Midlands,-1.072230,0.763595,0.000000,0.000000
Final,2026,31/01/2025,8,Midlands,-1.124923,4.115881,0.000000,2.990958
Final,2026,31/01/2025,9,Eastern,0.606933,0.503811,0.000000,1.110745
Final,2026,31/01/2025,10,South Wales,-3.661669,10.546712,0.000000,6.885043
Final,2026,31/01/2025,11,South East,2.625117,2.943118,0.000000,5.568235
Final,2026,31/01/2025,12,London,3.459054,3.946292,0.000000,7.405345
Final,2026,31/01/2025,13,Southern,1.296782,6.273391,0.000000,7.570174
Final,2026,31/01/2025,14,South Western,-0.663438,10.786474,0.000000,10.123037
Draft,2026,29/11/2024,1,Northern Scotland,-0.064369,-33.424399,0.000000,0.000000
Draft,2026,29/11/2024,2,Southern Scotland,-0.814464,-22.688930,0.000000,0.000000
Draft,2026,29/11/2024,3,Northern,-1.400001,-10.070967,0.000000,0.000000
Draft,2026,29/11/2024,4,North West,-0.305832,-5.210810,0.000000,0.000000
Draft,2026,29/11/2024,5,Yorkshire,-0.506379,-3.353749,0.000000,0.000000
Draft,2026,29/11/2024,6,N Wales & Mersey,-1.524935,-0.877469,0.000000,0.000000
Draft,2026,29/11/2024,7,East Midlands,-1.379039,1.299963,0.000000,0.000000
Draft,2026,29/11/2024,8,Midlands,-1.365342,3.628480,0.000000,2.263138
Draft,2026,29/11/2024,9,Eastern,0.596787,0.945553,0.000000,1.542340
Draft,2026,29/11/2024,10,South Wales,-5.299242,9.118993,0.000000,3.819751
Draft,2026,29/11/2024,11,South East,2.857412,2.178710,0.000000,5.036122
Draft,2026,29/11/2024,12,London,3.591662,3.899440,0.000000,7.491102
Draft,2026,29/11/2024,13,Southern,1.696243,7.032946,0.000000,8.729190
Draft,2026,29/11/2024,14,South Western,-1.142394,10.710094,0.000000,9.567700
Forecast,2026,31/07/2024,1,Northern Scotland,1.034812,-34.711603,0.000000,0.000000
Forecast,2026,31/07/2024,2,Southern Scotland,0.087576,-24.933077,0.000000,0.000000
Forecast,2026,31/07/2024,3,Northern,-0.636916,-11.668914,0.000000,0.000000
Forecast,2026,31/07/2024,4,North West,1.534968,-6.431449,0.000000,0.000000
Forecast,2026,31/07/2024,5,Yorkshire,0.492905,-4.648049,0.000000,0.000000
Forecast,2026,31/07/2024,6,N Wales & Mersey,0.263436,-2.867178,0.000000,0.000000
Forecast,2026,31/07/2024,7,East Midlands,-0.025789,0.102476,0.000000,0.076687
Forecast,2026,31/07/2024,8,Midlands,0.111739,2.474894,0.000000,2.586633
Forecast,2026,31/07/2024,9,Eastern,0.382478,0.951478,0.000000,1.333956
Forecast,2026,31/07/2024,10,South Wales,-3.986884,10.992764,0.000000,7.005880
Forecast,2026,31/07/2024,11,South East,-0.385751,4.829694,0.000000,4.443943
Forecast,2026,31/07/2024,12,London,1.726334,5.830160,0.000000,7.556494
Forecast,2026,31/07/2024,13,Southern,-0.250290,6.561851,0.000000,6.311561
Forecast,2026,31/07/2024,14,South Western,-4.231984,8.292880,0.000000,4.060896
Forecast,2026,20/06/2024,1,Northern Scotland,-1.436861,-32.106815,0.000000,0.000000
Forecast,2026,20/06/2024,2,Southern Scotland,-1.702999,-22.947895,0.000000,0.000000
Forecast,2026,20/06/2024,3,Northern,-3.191553,-10.209481,0.000000,0.000000
Forecast,2026,20/06/2024,4,North West,0.061358,-5.291851,0.000000,0.000000
Forecast,2026,20/06/2024,5,Yorkshire,-1.953355,-2.944294,0.000000,0.000000
Forecast,2026,20/06/2024,6,N Wales & Mersey,-1.127114,-1.741451,0.000000,0.000000
Forecast,2026,20/06/2024,7,East Midlands,-1.742533,1.299658,0.000000,0.000000
Forecast,2026,20/06/2024,8,Midlands,-1.067803,2.973551,0.000000,1.905747
Forecast,2026,20/06/2024,9,Eastern,0.320322,1.030656,0.000000,1.350978
Forecast,2026,20/06/2024,10,South Wales,-5.526038,8.774264,0.000000,3.248225
Forecast,2026,20/06/2024,11,South East,3.565439,1.532562,0.000000,5.098001
Forecast,2026,20/06/2024,12,London,4.512870,2.424049,0.000000,6.936919
Forecast,2026,20/06/2024,13,Southern,1.757727,5.893606,0.000000,7.651333
Forecast,2026,20/06/2024,14,South Western,1.079496,10.567222,0.000000,11.646717
Forecast,2027,20/06/2024,1,Northern Scotland,-0.718638,-34.277989,0.000000,0.000000
Forecast,2027,20/06/2024,2,Southern Scotland,-1.477986,-23.859019,0.000000,0.000000
Forecast,2027,20/06/2024,3,Northern,-3.518383,-10.622546,0.000000,0.000000
Forecast,2027,20/06/2024,4,North West,-0.375928,-5.550157,0.000000,0.000000
Forecast,2027,20/06/2024,5,Yorkshire,-2.485983,-3.151777,0.000000,0.000000
Forecast,2027,20/06/2024,6,N Wales & Mersey,-0.491250,-3.225139,0.000000,0.000000
Forecast,2027,20/06/2024,7,East Midlands,-1.824797,1.290416,0.000000,0.000000
Forecast,2027,20/06/2024,8,Midlands,-1.088484,2.082216,0.000000,0.993732
Forecast,2027,20/06/2024,9,Eastern,0.464965,1.866735,0.000000,2.331700
Forecast,2027,20/06/2024,10,South Wales,-6.048211,8.047729,0.000000,1.999518
Forecast,2027,20/06/2024,11,South East,3.603725,2.354141,0.000000,5.957866
Forecast,2027,20/06/2024,12,London,4.861654,3.595229,0.000000,8.456883
Forecast,2027,20/06/2024,13,Southern,1.881975,6.330283,0.000000,8.212259
Forecast,2027,20/06/2024,14,South Western,0.848585,10.803751,0.000000,11.652336
Forecast,2028,20/06/2024,1,Northern Scotland,-0.921361,-34.647694,0.000000,0.000000
Forecast,2028,20/06/2024,2,Southern Scotland,-1.879669,-24.310073,0.000000,0.000000
Forecast,2028,20/06/2024,3,Northern,-2.797237,-10.136166,0.000000,0.000000
Forecast,2028,20/06/2024,4,North West,-0.135320,-5.275647,0.000000,0.000000
Forecast,2028,20/06/2024,5,Yorkshire,-2.249016,-2.696418,0.000000,0.000000
Forecast,2028,20/06/2024,6,N Wales & Mersey,-0.118394,-2.744934,0.000000,0.000000
Forecast,2028,20/06/2024,7,East Midlands,-1.496158,1.564337,0.000000,0.068179
Forecast,2028,20/06/2024,8,Midlands,-0.495612,2.240585,0.000000,1.744974
Forecast,2028,20/06/2024,9,Eastern,0.699013,2.226439,0.000000,2.925452
Forecast,2028,20/06/2024,10,South Wales,-6.358805,8.008469,0.000000,1.649664
Forecast,2028,20/06/2024,11,South East,3.465983,2.007100,0.000000,5.473083
Forecast,2028,20/06/2024,12,London,5.187754,3.824008,0.000000,9.011762
Forecast,2028,20/06/2024,13,Southern,1.500555,5.547422,0.000000,7.047977
Forecast,2028,20/06/2024,14,South Western,-3.173482,6.707094,0.000000,3.533612
Forecast,2029,20/06/2024,1,Northern Scotland,0.013039,-35.434922,0.000000,0.000000
Forecast,2029,20/06/2024,2,Southern Scotland,-1.067338,-25.172550,0.000000,0.000000
Forecast,2029,20/06/2024,3,Northern,-1.979751,-10.951369,0.000000,0.000000
Forecast,2029,20/06/2024,4,North West,0.673147,-5.965451,0.000000,0.000000
Forecast,2029,20/06/2024,5,Yorkshire,-1.447389,-3.306036,0.000000,0.000000
Forecast,2029,20/06/2024,6,N Wales & Mersey,0.671629,-3.300356,0.000000,0.000000
Forecast,2029,20/06/2024,7,East Midlands,-0.934902,1.341982,0.000000,0.407080
Forecast,2029,20/06/2024,8,Midlands,0.137450,1.888545,0.000000,2.025995
Forecast,2029,20/06/2024,9,Eastern,-0.138765,3.182981,0.000000,3.044216
Forecast,2029,20/06/2024,10,South Wales,-6.530142,7.764751,0.000000,1.234609
Forecast,2029,20/06/2024,11,South East,2.500596,2.723409,0.000000,5.224006
Forecast,2029,20/06/2024,12,London,3.480608,5.207664,0.000000,8.688272
Forecast,2029,20/06/2024,13,Southern,1.225828,5.740868,0.000000,6.966695
Forecast,2029,20/06/2024,14,South Western,-3.767711,6.195178,0.000000,2.427467
Forecast,2030,20/06/2024,1,Northern Scotland,-0.523754,-50.676579,0.000000,0.000000
Forecast,2030,20/06/2024,2,Southern Scotland,-1.938304,-37.352682,0.000000,0.000000
Forecast,2030,20/06/2024,3,Northern,-2.497668,-10.078275,0.000000,0.000000
Forecast,2030,20/06/2024,4,North West,-0.135224,-6.972754,0.000000,0.000000
Forecast,2030,20/06/2024,5,Yorkshire,-1.817134,-2.152180,0.000000,0.000000
Forecast,2030,20/06/2024,6,N Wales & Mersey,0.822034,-2.971384,0.000000,0.000000
Forecast,2030,20/06/2024,7,East Midlands,-1.345355,2.745597,0.000000,1.400242
Forecast,2030,20/06/2024,8,Midlands,-0.188816,3.023331,0.000000,2.834515
Forecast,2030,20/06/2024,9,Eastern,0.205689,4.115611,0.000000,4.321299
Forecast,2030,20/06/2024,10,South Wales,-6.538577,9.830970,0.000000,3.292392
Forecast,2030,20/06/2024,11,South East,3.251208,4.300295,0.000000,7.551503
Forecast,2030,20/06/2024,12,London,4.557467,5.653278,0.000000,10.210745
Forecast,2030,20/06/2024,13,Southern,1.372643,7.775315,0.000000,9.147958
Forecast,2030,20/06/2024,14,South Western,-3.371954,8.382424,0.000000,5.010471
Final,2025,08/02/2024,1,Northern Scotland,-1.288362,-31.636748,0.000000,0.000000
Final,2025,08/02/2024,2,Southern Scotland,-2.269814,-22.130106,0.000000,0.000000
Final,2025,08/02/2024,3,Northern,-3.015987,-8.980381,0.000000,0.000000
Final,2025,08/02/2024,4,North West,-0.770094,-4.024376,0.000000,0.000000
Final,2025,08/02/2024,5,Yorkshire,-2.010937,-2.179230,0.000000,0.000000
Final,2025,08/02/2024,6,N Wales & Mersey,-1.654146,-1.099594,0.000000,0.000000
Final,2025,08/02/2024,7,East Midlands,-2.078202,1.931165,0.000000,0.000000
Final,2025,08/02/2024,8,Midlands,-1.205299,3.578438,0.000000,2.373139
Final,2025,08/02/2024,9,Eastern,1.147096,-0.321729,0.000000,0.825367
Final,2025,08/02/2024,10,South Wales,-4.273545,8.777054,0.000000,4.503509
Final,2025,08/02/2024,11,South East,3.602929,0.256270,0.000000,3.859199
Final,2025,08/02/2024,12,London,4.593481,1.139193,0.000000,5.732674
Final,2025,08/02/2024,13,Southern,2.071641,4.798092,0.000000,6.869732
Final,2025,08/02/2024,14,South Western,-0.016177,8.215094,0.000000,8.198917
Draft,2025,12/12/2023,1,Northern Scotland,-1.288362,-31.636748,0.000000,0.000000
Draft,2025,12/12/2023,2,Southern Scotland,-2.269814,-22.130105,0.000000,0.000000
Draft,2025,12/12/2023,3,Northern,-3.015987,-8.980381,0.000000,0.000000
Draft,2025,12/12/2023,4,North West,-0.770094,-4.024376,0.000000,0.000000
Draft,2025,12/12/2023,5,Yorkshire,-2.010936,-2.179229,0.000000,0.000000
Draft,2025,12/12/2023,6,N Wales & Mersey,-1.654145,-1.099594,0.000000,0.000000
Draft,2025,12/12/2023,7,East Midlands,-2.078202,1.931165,0.000000,0.000000
Draft,2025,12/12/2023,8,Midlands,-1.205299,3.578439,0.000000,2.373140
Draft,2025,12/12/2023,9,Eastern,1.149629,-0.322296,0.000000,0.827333
Draft,2025,12/12/2023,10,South Wales,-4.273545,8.777054,0.000000,4.503510
Draft,2025,12/12/2023,11,South East,3.602929,0.256270,0.000000,3.859199
Draft,2025,12/12/2023,12,London,4.593628,1.140837,0.000000,5.734465
Draft,2025,12/12/2023,13,Southern,2.071641,4.798092,0.000000,6.869733
Draft,2025,12/12/2023,14,South Western,-0.016177,8.215094,0.000000,8.198917
Forecast,2025,31/07/2023,1,Northern Scotland,-2.582460,-34.697917,0.000000,0.000000
Forecast,2025,31/07/2023,2,Southern Scotland,-2.681924,-22.654641,0.000000,0.000000
Forecast,2025,31/07/2023,3,Northern,-3.371713,-9.833545,0.000000,0.000000
Forecast,2025,31/07/2023,4,North West,-0.985879,-5.234037,0.000000,0.000000
Forecast,2025,31/07/2023,5,Yorkshire,-2.422038,-3.304541,0.000000,0.000000
Forecast,2025,31/07/2023,6,N Wales & Mersey,-1.849476,-2.158502,0.000000,0.000000
Forecast,2025,31/07/2023,7,East Midlands,-2.348905,0.919239,0.000000,0.000000
Forecast,2025,31/07/2023,8,Midlands,-1.158415,3.248787,0.000000,2.090372
Forecast,2025,31/07/2023,9,Eastern,0.836906,-1.462245,0.000000,0.000000
Forecast,2025,31/07/2023,10,South Wales,-2.622397,8.697703,0.000000,6.075306
Forecast,2025,31/07/2023,11,South East,3.450012,-0.929665,0.000000,2.520346
Forecast,2025,31/07/2023,12,London,3.759636,-0.730949,0.000000,3.028687
Forecast,2025,31/07/2023,13,Southern,2.069160,4.057969,0.000000,6.127129
Forecast,2025,31/07/2023,14,South Western,3.512459,9.371282,0.000000,12.883741
Final,2024,14/02/2023,1,Northern Scotland,-1.906568,-30.866286,0.000000,0.000000
Final,2024,14/02/2023,2,Southern Scotland,-1.707542,-20.143326,0.000000,0.000000
Final,2024,14/02/2023,3,Northern,-3.410276,-8.758459,0.000000,0.000000
Final,2024,14/02/2023,4,North West,-0.526905,-3.819108,0.000000,0.000000
Final,2024,14/02/2023,5,Yorkshire,-2.282958,-2.246485,0.000000,0.000000
Final,2024,14/02/2023,6,N Wales & Mersey,-1.120566,-1.016459,0.000000,0.000000
Final,2024,14/02/2023,7,East Midlands,-2.022679,1.527219,0.000000,0.000000
Final,2024,14/02/2023,8,Midlands,-0.636106,3.682999,0.000000,3.046892
Final,2024,14/02/2023,9,Eastern,1.052036,-0.779521,0.000000,0.272515
Final,2024,14/02/2023,10,South Wales,-2.601437,9.291238,0.000000,6.689801
Final,2024,14/02/2023,11,South East,3.083559,-0.155030,0.000000,2.928529
Final,2024,14/02/2023,12,London,4.269965,0.104577,0.000000,4.374542
Final,2024,14/02/2023,13,Southern,1.462256,3.828359,0.000000,5.290615
Final,2024,14/02/2023,14,South Western,0.893521,6.752186,0.000000,7.645707
Draft,2024,30/11/2022,1,Northern Scotland,-1.906568,-30.866286,0.000000,0.000000
Draft,2024,30/11/2022,2,Southern Scotland,-1.707542,-20.143326,0.000000,0.000000
Draft,2024,30/11/2022,3,Northern,-3.410276,-8.758459,0.000000,0.000000
Draft,2024,30/11/2022,4,North West,-0.526905,-3.819108,0.000000,0.000000
Draft,2024,30/11/2022,5,Yorkshire,-2.282958,-2.246485,0.000000,0.000000
Draft,2024,30/11/2022,6,N Wales & Mersey,-1.120566,-1.016459,0.000000,0.000000
Draft,2024,30/11/2022,7,East Midlands,-2.022679,1.527219,0.000000,0.000000
Draft,2024,30/11/2022,8,Midlands,-0.636106,3.682999,0.000000,3.046892
Draft,2024,30/11/2022,9,Eastern,1.052036,-0.779521,0.000000,0.272515
Draft,2024,30/11/2022,10,South Wales,-2.601437,9.291238,0.000000,6.689801
Draft,2024,30/11/2022,11,South East,3.083559,-0.155030,0.000000,2.928529
Draft,2024,30/11/2022,12,London,4.269965,0.104577,0.000000,4.374542
Draft,2024,30/11/2022,13,Southern,1.462256,3.828359,0.000000,5.290615
Draft,2024,30/11/2022,14,South Western,0.893521,6.752186,0.000000,7.645707
Forecast,2024,31/08/2022,1,Northern Scotland,-2.035381,-30.818022,0.000000,0.000000
Forecast,2024,31/08/2022,2,Southern Scotland,-2.439368,-22.069355,0.000000,0.000000
Forecast,2024,31/08/2022,3,Northern,-3.544673,-10.225715,0.000000,0.000000
Forecast,2024,31/08/2022,4,North West,-1.127355,-5.593885,0.000000,0.000000
Forecast,2024,31/08/2022,5,Yorkshire,-2.496096,-3.854227,0.000000,0.000000
Forecast,2024,31/08/2022,6,N Wales & Mersey,-2.018190,-2.605353,0.000000,0.000000
Forecast,2024,31/08/2022,7,East Midlands,-2.495909,0.767854,0.000000,0.812237
Forecast,2024,31/08/2022,8,Midlands,-1.754297,1.719734,0.000000,2.505729
Forecast,2024,31/08/2022,9,Eastern,1.002243,-0.069206,0.000000,3.473330
Forecast,2024,31/08/2022,10,South Wales,-4.581861,7.075267,0.000000,5.033698
Forecast,2024,31/08/2022,11,South East,3.177970,0.342860,0.000000,6.061122
Forecast,2024,31/08/2022,12,London,5.429676,1.716242,0.000000,9.686210
Forecast,2024,31/08/2022,13,Southern,1.463798,4.248810,0.000000,8.252901
Forecast,2024,31/08/2022,14,South Western,0.691449,6.807923,0.000000,10.039664
Forecast,2024,07/04/2022,1,Northern Scotland,-2.600906,-29.132269,0.000000,0.000000
Forecast,2024,07/04/2022,2,Southern Scotland,-2.795621,-20.364090,0.000000,0.000000
Forecast,2024,07/04/2022,3,Northern,-4.079732,-8.925711,0.000000,0.000000
Forecast,2024,07/04/2022,4,North West,-1.250935,-4.689908,0.000000,0.000000
Forecast,2024,07/04/2022,5,Yorkshire,-2.961623,-2.741055,0.000000,0.000000
Forecast,2024,07/04/2022,6,N Wales & Mersey,-2.100891,-1.944674,0.000000,0.000000
Forecast,2024,07/04/2022,7,East Midlands,-2.676694,0.941249,0.000000,0.000000
Forecast,2024,07/04/2022,8,Midlands,-1.551307,2.098574,0.000000,0.547267
Forecast,2024,07/04/2022,9,Eastern,0.903026,-1.013456,0.000000,0.000000
Forecast,2024,07/04/2022,10,South Wales,-3.566135,7.538154,0.000000,3.972019
Forecast,2024,07/04/2022,11,South East,3.261132,-0.355827,0.000000,2.905305
Forecast,2024,07/04/2022,12,London,5.023047,0.145743,0.000000,5.168789
Forecast,2024,07/04/2022,13,Southern,1.708529,3.796411,0.000000,5.504939
Forecast,2024,07/04/2022,14,South Western,1.585107,7.109792,0.000000,8.694899
Forecast,2025,07/04/2022,1,Northern Scotland,-2.589490,-30.620176,0.000000,0.000000
Forecast,2025,07/04/2022,2,Southern Scotland,-3.169755,-21.671985,0.000000,0.000000
Forecast,2025,07/04/2022,3,Northern,-3.854009,-9.306101,0.000000,0.000000
Forecast,2025,07/04/2022,4,North West,-1.871817,-4.827373,0.000000,0.000000
Forecast,2025,07/04/2022,5,Yorkshire,-2.914105,-3.280788,0.000000,0.000000
Forecast,2025,07/04/2022,6,N Wales & Mersey,-2.816927,-2.675186,0.000000,0.000000
Forecast,2025,07/04/2022,7,East Midlands,-2.629338,0.851626,0.000000,0.000000
Forecast,2025,07/04/2022,8,Midlands,-2.030524,2.099222,0.000000,0.068698
Forecast,2025,07/04/2022,9,Eastern,0.694119,-1.756381,0.000000,0.000000
Forecast,2025,07/04/2022,10,South Wales,-3.501508,7.644415,0.000000,4.142908
Forecast,2025,07/04/2022,11,South East,3.725246,-0.081576,0.000000,3.643670
Forecast,2025,07/04/2022,12,London,4.215976,-1.337304,0.000000,2.878672
Forecast,2025,07/04/2022,13,Southern,2.101557,4.342434,0.000000,6.443991
Forecast,2025,07/04/2022,14,South Western,2.534147,8.320627,0.000000,10.854774
Forecast,2026,07/04/2022,1,Northern Scotland,-1.701186,-32.922432,0.000000,0.000000
Forecast,2026,07/04/2022,2,Southern Scotland,-2.031586,-23.514303,0.000000,0.000000
Forecast,2026,07/04/2022,3,Northern,-2.653139,-10.780108,0.000000,0.000000
Forecast,2026,07/04/2022,4,North West,-0.914787,-6.443152,0.000000,0.000000
Forecast,2026,07/04/2022,5,Yorkshire,-1.802102,-4.550496,0.000000,0.000000
Forecast,2026,07/04/2022,6,N Wales & Mersey,-1.216126,-4.854615,0.000000,0.000000
Forecast,2026,07/04/2022,7,East Midlands,-1.856844,-0.003007,0.000000,0.000000
Forecast,2026,07/04/2022,8,Midlands,-1.412300,0.993409,0.000000,0.000000
Forecast,2026,07/04/2022,9,Eastern,0.040316,-1.250034,0.000000,0.000000
Forecast,2026,07/04/2022,10,South Wales,-4.576036,7.549039,0.000000,2.973003
Forecast,2026,07/04/2022,11,South East,2.979654,0.887459,0.000000,3.867113
Forecast,2026,07/04/2022,12,London,3.370413,-0.473634,0.000000,2.896779
Forecast,2026,07/04/2022,13,Southern,1.502492,5.186212,0.000000,6.688704
Forecast,2026,07/04/2022,14,South Western,0.832374,9.786529,0.000000,10.618903
Forecast,2027,07/04/2022,1,Northern Scotland,-1.085579,-35.011209,0.000000,0.000000
Forecast,2027,07/04/2022,2,Southern Scotland,-1.700116,-24.970955,0.000000,0.000000
Forecast,2027,07/04/2022,3,Northern,-2.291198,-11.624270,0.000000,0.000000
Forecast,2027,07/04/2022,4,North West,-0.601766,-7.150370,0.000000,0.000000
Forecast,2027,07/04/2022,5,Yorkshire,-1.440884,-5.341860,0.000000,0.000000
Forecast,2027,07/04/2022,6,N Wales & Mersey,-0.653854,-5.411539,0.000000,0.000000
Forecast,2027,07/04/2022,7,East Midlands,-1.575139,-0.687754,0.000000,0.000000
Forecast,2027,07/04/2022,8,Midlands,-0.977576,0.334885,0.000000,0.000000
Forecast,2027,07/04/2022,9,Eastern,-0.057525,-1.074702,0.000000,0.000000
Forecast,2027,07/04/2022,10,South Wales,-4.723103,7.453008,0.000000,2.729905
Forecast,2027,07/04/2022,11,South East,2.195339,1.261621,0.000000,3.456960
Forecast,2027,07/04/2022,12,London,3.444275,0.738513,0.000000,4.182788
Forecast,2027,07/04/2022,13,Southern,1.134816,5.307376,0.000000,6.442192
Forecast,2027,07/04/2022,14,South Western,0.249834,10.055559,0.000000,10.305393
Forecast,2028,07/04/2022,1,Northern Scotland,0.144388,-46.051692,0.000000,0.000000
Forecast,2028,07/04/2022,2,Southern Scotland,-0.330437,-35.652168,0.000000,0.000000
Forecast,2028,07/04/2022,3,Northern,-0.690132,-12.299210,0.000000,0.000000
Forecast,2028,07/04/2022,4,North West,0.299755,-8.925514,0.000000,0.000000
Forecast,2028,07/04/2022,5,Yorkshire,0.208860,-6.934897,0.000000,0.000000
Forecast,2028,07/04/2022,6,N Wales & Mersey,0.110869,-7.677595,0.000000,0.000000
Forecast,2028,07/04/2022,7,East Midlands,-0.125583,-1.835769,0.000000,0.000000
Forecast,2028,07/04/2022,8,Midlands,-0.384591,-0.623326,0.000000,0.000000
Forecast,2028,07/04/2022,9,Eastern,0.604224,-0.587142,0.000000,0.017082
Forecast,2028,07/04/2022,10,South Wales,-5.249669,6.529049,0.000000,1.279380
Forecast,2028,07/04/2022,11,South East,0.679061,4.158419,0.000000,4.837480
Forecast,2028,07/04/2022,12,London,1.579190,4.353095,0.000000,5.932285
Forecast,2028,07/04/2022,13,Southern,0.495779,6.511316,0.000000,7.007095
Forecast,2028,07/04/2022,14,South Western,-2.636533,8.739647,0.000000,6.103114
Final,2023,31/01/2022,1,Northern Scotland,-2.178226,-27.236880,0.000000,27.446662
Final,2023,31/01/2022,2,Southern Scotland,-2.588187,-18.807862,0.000000,35.465718
Final,2023,31/01/2022,3,Northern,-4.334540,-7.845295,0.000000,44.681931
Final,2023,31/01/2022,4,North West,-1.522583,-3.931676,0.000000,51.407508
Final,2023,31/01/2022,5,Yorkshire,-3.111358,-1.910980,0.000000,51.839430
Final,2023,31/01/2022,6,N Wales & Mersey,-1.977716,-1.477330,0.000000,53.406721
Final,2023,31/01/2022,7,East Midlands,-2.753986,1.420681,0.000000,55.528462
Final,2023,31/01/2022,8,Midlands,-1.348947,1.681051,0.000000,57.193871
Final,2023,31/01/2022,9,Eastern,0.445125,0.646597,0.000000,57.953489
Final,2023,31/01/2022,10,South Wales,-3.519338,5.119538,0.000000,58.461967
Final,2023,31/01/2022,11,South East,3.640164,-0.302852,0.000000,60.199079
Final,2023,31/01/2022,12,London,4.486793,2.339230,0.000000,63.687789
Final,2023,31/01/2022,13,Southern,2.537729,2.864165,0.000000,62.263662
Final,2023,31/01/2022,14,South Western,1.880963,5.004935,0.000000,63.747665
Draft,2023,30/11/2021,1,Northern Scotland,-2.378353,-26.865706,0.000000,28.251379
Draft,2023,30/11/2021,2,Southern Scotland,-2.666540,-18.568727,0.000000,36.260171
Draft,2023,30/11/2021,3,Northern,-4.209072,-7.936630,0.000000,45.349736
Draft,2023,30/11/2021,4,North West,-1.526881,-3.955356,0.000000,52.013201
Draft,2023,30/11/2021,5,Yorkshire,-3.069356,-1.950554,0.000000,52.475528
Draft,2023,30/11/2021,6,N Wales & Mersey,-2.178954,-1.558879,0.000000,53.757604
Draft,2023,30/11/2021,7,East Midlands,-2.747019,1.428389,0.000000,56.176808
Draft,2023,30/11/2021,8,Midlands,-1.364659,1.715097,0.000000,57.845875
Draft,2023,30/11/2021,9,Eastern,0.473848,0.632420,0.000000,58.601706
Draft,2023,30/11/2021,10,South Wales,-3.503913,5.121186,0.000000,59.112712
Draft,2023,30/11/2021,11,South East,3.648368,-0.295570,0.000000,60.848236
Draft,2023,30/11/2021,12,London,4.511476,2.329373,0.000000,64.336288
Draft,2023,30/11/2021,13,Southern,2.541405,2.876418,0.000000,62.913261
Draft,2023,30/11/2021,14,South Western,1.925710,4.976812,0.000000,64.397959
Forecast,2023,31/08/2021,1,Northern Scotland,-2.530283,-28.176298,0.000000,23.066212
Forecast,2023,31/08/2021,2,Southern Scotland,-2.906114,-18.768032,0.000000,32.098648
Forecast,2023,31/08/2021,3,Northern,-4.039251,-8.215961,0.000000,41.517582
Forecast,2023,31/08/2021,4,North West,-1.590788,-4.165804,0.000000,48.016201
Forecast,2023,31/08/2021,5,Yorkshire,-3.023749,-2.251273,0.000000,48.497771
Forecast,2023,31/08/2021,6,N Wales & Mersey,-2.342178,-1.945630,0.000000,49.484986
Forecast,2023,31/08/2021,7,East Midlands,-2.435861,1.142662,0.000000,52.479595
Forecast,2023,31/08/2021,8,Midlands,-1.450358,1.717408,0.000000,54.039843
Forecast,2023,31/08/2021,9,Eastern,1.389653,-0.095113,0.000000,55.067333
Forecast,2023,31/08/2021,10,South Wales,-3.403533,5.195753,0.000000,55.565014
Forecast,2023,31/08/2021,11,South East,3.762870,-0.117199,0.000000,57.418465
Forecast,2023,31/08/2021,12,London,5.672933,1.109813,0.000000,60.555540
Forecast,2023,31/08/2021,13,Southern,1.733821,3.616163,0.000000,59.122777
Forecast,2023,31/08/2021,14,South Western,-0.368576,7.050934,0.000000,60.455151
Forecast,2023,30/04/2021,1,Northern Scotland,-3.116462,-27.428739,0.000000,22.740255
Forecast,2023,30/04/2021,2,Southern Scotland,-3.215416,-18.599220,0.000000,31.470820
Forecast,2023,30/04/2021,3,Northern,-4.063048,-7.542140,0.000000,41.680268
Forecast,2023,30/04/2021,4,North West,-1.585722,-4.140701,0.000000,47.559033
Forecast,2023,30/04/2021,5,Yorkshire,-3.215572,-1.813832,0.000000,48.256053
Forecast,2023,30/04/2021,6,N Wales & Mersey,-2.412292,-1.988324,0.000000,48.884841
Forecast,2023,30/04/2021,7,East Midlands,-2.487282,1.150504,0.000000,51.948679
Forecast,2023,30/04/2021,8,Midlands,-1.419253,1.634158,0.000000,53.500361
Forecast,2023,30/04/2021,9,Eastern,1.249970,-0.069565,0.000000,54.465861
Forecast,2023,30/04/2021,10,South Wales,-3.583402,5.305982,0.000000,55.008036
Forecast,2023,30/04/2021,11,South East,3.790322,-0.265553,0.000000,56.810225
Forecast,2023,30/04/2021,12,London,5.603960,1.059458,0.000000,59.948874
Forecast,2023,30/04/2021,13,Southern,1.809885,3.419941,0.000000,58.515282
Forecast,2023,30/04/2021,14,South Western,0.780133,6.380386,0.000000,60.445976
Forecast,2024,30/04/2021,1,Northern Scotland,-2.762225,-27.913054,0.000000,0.000000
Forecast,2024,30/04/2021,2,Southern Scotland,-2.855786,-19.057009,0.000000,0.000000
Forecast,2024,30/04/2021,3,Northern,-3.486530,-8.456705,0.000000,0.000000
Forecast,2024,30/04/2021,4,North West,-2.033096,-3.677330,0.000000,0.000000
Forecast,2024,30/04/2021,5,Yorkshire,-2.495343,-2.387378,0.000000,0.000000
Forecast,2024,30/04/2021,6,N Wales & Mersey,-2.790590,-1.238734,0.000000,0.000000
Forecast,2024,30/04/2021,7,East Midlands,-2.149374,0.915963,0.000000,0.000000
Forecast,2024,30/04/2021,8,Midlands,-1.780912,2.964163,0.000000,1.183251
Forecast,2024,30/04/2021,9,Eastern,0.927970,-1.166627,0.000000,0.000000
Forecast,2024,30/04/2021,10,South Wales,-2.943250,7.170593,0.000000,4.227343
Forecast,2024,30/04/2021,11,South East,3.449090,-1.086955,0.000000,2.362135
Forecast,2024,30/04/2021,12,London,4.951066,-0.239750,0.000000,4.711316
Forecast,2024,30/04/2021,13,Southern,1.700021,3.245027,0.000000,4.945049
Forecast,2024,30/04/2021,14,South Western,1.970193,7.748826,0.000000,9.719020
Forecast,2025,30/04/2021,1,Northern Scotland,-2.354273,-27.753438,0.000000,0.000000
Forecast,2025,30/04/2021,2,Southern Scotland,-1.982043,-18.927017,0.000000,0.000000
Forecast,2025,30/04/2021,3,Northern,-2.993836,-8.376123,0.000000,0.000000
Forecast,2025,30/04/2021,4,North West,-1.252076,-3.180246,0.000000,0.000000
Forecast,2025,30/04/2021,5,Yorkshire,-1.888740,-2.297017,0.000000,0.000000
Forecast,2025,30/04/2021,6,N Wales & Mersey,-2.253320,-0.517463,0.000000,0.000000
Forecast,2025,30/04/2021,7,East Midlands,-2.102819,0.740274,0.000000,0.000000
Forecast,2025,30/04/2021,8,Midlands,-1.833446,3.376028,0.000000,1.542582
Forecast,2025,30/04/2021,9,Eastern,0.586033,-1.763713,0.000000,0.000000
Forecast,2025,30/04/2021,10,South Wales,-3.858152,6.899710,0.000000,3.041558
Forecast,2025,30/04/2021,11,South East,3.070338,-1.742838,0.000000,1.327500
Forecast,2025,30/04/2021,12,London,4.544135,-0.965258,0.000000,3.578877
Forecast,2025,30/04/2021,13,Southern,1.550537,2.935651,0.000000,4.486189
Forecast,2025,30/04/2021,14,South Western,1.475608,8.274774,0.000000,9.750382
Forecast,2026,30/04/2021,1,Northern Scotland,-2.376862,-30.251417,0.000000,0.000000
Forecast,2026,30/04/2021,2,Southern Scotland,-2.009002,-20.489673,0.000000,0.000000
Forecast,2026,30/04/2021,3,Northern,-2.313090,-9.560276,0.000000,0.000000
Forecast,2026,30/04/2021,4,North West,-1.158257,-3.856443,0.000000,0.000000
Forecast,2026,30/04/2021,5,Yorkshire,-1.334297,-3.261441,0.000000,0.000000
Forecast,2026,30/04/2021,6,N Wales & Mersey,-2.072121,-1.492766,0.000000,0.000000
Forecast,2026,30/04/2021,7,East Midlands,-1.998422,0.598284,0.000000,0.000000
Forecast,2026,30/04/2021,8,Midlands,-1.573709,2.881067,0.000000,1.307358
Forecast,2026,30/04/2021,9,Eastern,0.299118,-1.431282,0.000000,0.000000
Forecast,2026,30/04/2021,10,South Wales,-4.061220,7.126993,0.000000,3.065773
Forecast,2026,30/04/2021,11,South East,2.826528,-1.426369,0.000000,1.400160
Forecast,2026,30/04/2021,12,London,4.289391,-0.597932,0.000000,3.691459
Forecast,2026,30/04/2021,13,Southern,1.319454,3.257946,0.000000,4.577400
Forecast,2026,30/04/2021,14,South Western,1.316370,8.431876,0.000000,9.748246
Forecast,2027,30/04/2021,1,Northern Scotland,-1.747710,-32.390004,0.000000,0.000000
Forecast,2027,30/04/2021,2,Southern Scotland,-2.058182,-21.798963,0.000000,0.000000
Forecast,2027,30/04/2021,3,Northern,-2.569646,-10.233048,0.000000,0.000000
Forecast,2027,30/04/2021,4,North West,-1.130948,-4.795082,0.000000,0.000000
Forecast,2027,30/04/2021,5,Yorkshire,-1.586568,-4.051723,0.000000,0.000000
Forecast,2027,30/04/2021,6,N Wales & Mersey,-1.942691,-2.628673,0.000000,0.000000
Forecast,2027,30/04/2021,7,East Midlands,-2.086944,0.325508,0.000000,0.000000
Forecast,2027,30/04/2021,8,Midlands,-1.510327,2.271114,0.000000,0.760787
Forecast,2027,30/04/2021,9,Eastern,-0.064985,-1.430329,0.000000,0.000000
Forecast,2027,30/04/2021,10,South Wales,-1.577237,9.764391,0.000000,8.187153
Forecast,2027,30/04/2021,11,South East,2.468648,-1.323390,0.000000,1.145258
Forecast,2027,30/04/2021,12,London,3.963635,-0.390616,0.000000,3.573019
Forecast,2027,30/04/2021,13,Southern,1.211414,3.523294,0.000000,4.734708
Forecast,2027,30/04/2021,14,South Western,1.696724,9.703631,0.000000,11.400354
Final,2021,31/01/2020,1,Northern Scotland,-2.180689,-28.424741,0.700635,21.126849
Final,2021,31/01/2020,2,Southern Scotland,-2.145803,-20.826183,0.700635,28.760295
Final,2021,31/01/2020,3,Northern,-3.617626,-8.092652,0.700635,40.022002
Final,2021,31/01/2020,4,North West,-1.689726,-3.367878,0.700635,46.674676
Final,2021,31/01/2020,5,Yorkshire,-2.524634,-1.372967,0.700635,47.834680
Final,2021,31/01/2020,6,N Wales & Mersey,-1.840168,-0.987157,0.700635,48.904955
Final,2021,31/01/2020,7,East Midlands,-2.243484,1.899133,0.700635,51.387929
Final,2021,31/01/2020,8,Midlands,-1.926300,2.842465,0.700635,52.648445
Final,2021,31/01/2020,9,Eastern,1.389367,0.366804,0.700635,53.488450
Final,2021,31/01/2020,10,South Wales,-6.024252,4.905766,0.700635,50.613794
Final,2021,31/01/2020,11,South East,3.906590,0.862979,0.700635,56.501849
Final,2021,31/01/2020,12,London,5.776148,1.758574,0.700635,59.267002
Final,2021,31/01/2020,13,Southern,1.974463,4.065673,0.700635,57.772417
Final,2021,31/01/2020,14,South Western,-0.466066,5.754189,0.700635,57.020402
Draft,2022,30/11/2020,1,Northern Scotland,-2.065765,-31.644978,0.000000,20.631769
Draft,2022,30/11/2020,2,Southern Scotland,-2.680634,-21.873981,0.000000,29.787898
Draft,2022,30/11/2020,3,Northern,-3.292852,-8.801690,0.000000,42.247971
Draft,2022,30/11/2020,4,North West,-2.307845,-3.022541,0.000000,49.012126
Draft,2022,30/11/2020,5,Yorkshire,-2.510350,-2.143213,0.000000,49.688949
Draft,2022,30/11/2020,6,N Wales & Mersey,-2.395844,-1.481497,0.000000,50.465171
Draft,2022,30/11/2020,7,East Midlands,-2.374727,1.550288,0.000000,53.518073
Draft,2022,30/11/2020,8,Midlands,-1.926371,2.673638,0.000000,55.089779
Draft,2022,30/11/2020,9,Eastern,1.312462,-0.232797,0.000000,55.422177
Draft,2022,30/11/2020,10,South Wales,-3.943770,7.027156,0.000000,57.425898
Draft,2022,30/11/2020,11,South East,3.707807,-0.075189,0.000000,57.975131
Draft,2022,30/11/2020,12,London,5.131544,0.978182,0.000000,60.452238
Draft,2022,30/11/2020,13,Southern,1.985722,3.794496,0.000000,60.122730
Draft,2022,30/11/2020,14,South Western,1.486458,7.178559,0.000000,63.007529
Final,2022,31/01/2021,1,Northern Scotland,-2.013342,-30.841930,0.000000,20.376396
Final,2022,31/01/2021,2,Southern Scotland,-2.612608,-21.318889,0.000000,29.300172
Final,2022,31/01/2021,3,Northern,-3.209290,-8.578331,0.000000,41.444048
Final,2022,31/01/2021,4,North West,-2.249279,-2.945839,0.000000,48.036551
Final,2022,31/01/2021,5,Yorkshire,-2.446646,-2.088825,0.000000,48.696198
Final,2022,31/01/2021,6,N Wales & Mersey,-2.335045,-1.443902,0.000000,49.452722
Final,2022,31/01/2021,7,East Midlands,-2.314464,1.510947,0.000000,52.428151
Final,2022,31/01/2021,8,Midlands,-1.877486,2.605789,0.000000,53.959972
Final,2022,31/01/2021,9,Eastern,1.279156,-0.226889,0.000000,54.283935
Final,2022,31/01/2021,10,South Wales,-3.843690,6.848829,0.000000,56.236808
Final,2022,31/01/2021,11,South East,3.613715,-0.073281,0.000000,56.772103
Final,2022,31/01/2021,12,London,5.001322,0.953359,0.000000,59.186350
Final,2022,31/01/2021,13,Southern,1.935331,3.698204,0.000000,58.865203
Final,2022,31/01/2021,14,South Western,1.448736,6.996391,0.000000,61.676796
Forecast,2023,31/08/2020,1,Northern Scotland,-2.120848,-30.537605,0.000000,0.000000
Forecast,2023,31/08/2020,2,Southern Scotland,-2.931055,-22.128798,0.000000,0.000000
Forecast,2023,31/08/2020,3,Northern,-3.440106,-8.853159,0.000000,0.000000
Forecast,2023,31/08/2020,4,North West,-2.343404,-3.579961,0.000000,0.000000
Forecast,2023,31/08/2020,5,Yorkshire,-2.565386,-2.012988,0.000000,0.000000
Forecast,2023,31/08/2020,6,N Wales & Mersey,-2.609869,-1.152277,0.000000,0.000000
Forecast,2023,31/08/2020,7,East Midlands,-2.301907,1.811319,0.000000,0.000000
Forecast,2023,31/08/2020,8,Midlands,-2.358515,3.002248,0.000000,0.643733
Forecast,2023,31/08/2020,9,Eastern,1.496991,0.008111,0.000000,1.505102
Forecast,2023,31/08/2020,10,South Wales,-6.379240,5.051845,0.000000,0.000000
Forecast,2023,31/08/2020,11,South East,4.266807,0.462650,0.000000,4.729457
Forecast,2023,31/08/2020,12,London,5.967227,0.888867,0.000000,6.856094
Forecast,2023,31/08/2020,13,Southern,2.225905,4.043216,0.000000,6.269121
Forecast,2023,31/08/2020,14,South Western,-0.313549,5.849555,0.000000,5.536007
Forecast,2024,31/08/2020,1,Northern Scotland,-1.973656,-32.337055,0.000000,0.000000
Forecast,2024,31/08/2020,2,Southern Scotland,-2.751878,-23.512261,0.000000,0.000000
Forecast,2024,31/08/2020,3,Northern,-2.833607,-9.862849,0.000000,0.000000
Forecast,2024,31/08/2020,4,North West,-2.244415,-3.950582,0.000000,0.000000
Forecast,2024,31/08/2020,5,Yorkshire,-2.125462,-2.651613,0.000000,0.000000
Forecast,2024,31/08/2020,6,N Wales & Mersey,-3.214432,-0.794429,0.000000,0.000000
Forecast,2024,31/08/2020,7,East Midlands,-2.011149,1.476214,0.000000,0.000000
Forecast,2024,31/08/2020,8,Midlands,-2.502441,2.930242,0.000000,0.427801
Forecast,2024,31/08/2020,9,Eastern,1.916427,-0.338457,0.000000,1.577970
Forecast,2024,31/08/2020,10,South Wales,-6.851437,5.045788,0.000000,0.000000
Forecast,2024,31/08/2020,11,South East,3.977462,0.512093,0.000000,4.489555
Forecast,2024,31/08/2020,12,London,5.674132,1.507428,0.000000,7.181561
Forecast,2024,31/08/2020,13,Southern,2.019855,4.113136,0.000000,6.132991
Forecast,2024,31/08/2020,14,South Western,-0.755863,5.969684,0.000000,5.213821
Forecast,2025,31/08/2020,1,Northern Scotland,-0.529858,-35.026238,0.000000,0.000000
Forecast,2025,31/08/2020,2,Southern Scotland,-2.016706,-25.279105,0.000000,0.000000
Forecast,2025,31/08/2020,3,Northern,-2.622187,-10.800001,0.000000,0.000000
Forecast,2025,31/08/2020,4,North West,-1.567902,-5.018558,0.000000,0.000000
Forecast,2025,31/08/2020,5,Yorkshire,-1.625727,-3.518909,0.000000,0.000000
Forecast,2025,31/08/2020,6,N Wales & Mersey,-1.684265,-2.496122,0.000000,0.000000
Forecast,2025,31/08/2020,7,East Midlands,-1.918641,1.345128,0.000000,0.000000
Forecast,2025,31/08/2020,8,Midlands,-1.806512,2.453164,0.000000,0.646652
Forecast,2025,31/08/2020,9,Eastern,0.929495,-0.188668,0.000000,0.740827
Forecast,2025,31/08/2020,10,South Wales,-6.558635,5.621568,0.000000,0.000000
Forecast,2025,31/08/2020,11,South East,3.437698,1.254586,0.000000,4.692284
Forecast,2025,31/08/2020,12,London,4.467834,1.623179,0.000000,6.091014
Forecast,2025,31/08/2020,13,Southern,1.693892,4.846169,0.000000,6.540061
Forecast,2025,31/08/2020,14,South Western,-0.262426,7.004498,0.000000,6.742072
Forecast,2026,31/08/2020,1,Northern Scotland,-1.997004,-35.604403,0.000000,0.000000
Forecast,2026,31/08/2020,2,Southern Scotland,-3.089473,-25.494838,0.000000,0.000000
Forecast,2026,31/08/2020,3,Northern,-3.802669,-10.020174,0.000000,0.000000
Forecast,2026,31/08/2020,4,North West,-2.080938,-5.110530,0.000000,0.000000
Forecast,2026,31/08/2020,5,Yorkshire,-2.812820,-2.807457,0.000000,0.000000
Forecast,2026,31/08/2020,6,N Wales & Mersey,-2.180538,-2.704187,0.000000,0.000000
Forecast,2026,31/08/2020,7,East Midlands,-2.303900,1.342851,0.000000,0.000000
Forecast,2026,31/08/2020,8,Midlands,-2.085116,2.077969,0.000000,0.000000
Forecast,2026,31/08/2020,9,Eastern,1.454783,-0.427155,0.000000,1.027628
Forecast,2026,31/08/2020,10,South Wales,-5.807637,6.147007,0.000000,0.339370
Forecast,2026,31/08/2020,11,South East,4.020667,0.925581,0.000000,4.946248
Forecast,2026,31/08/2020,12,London,5.598163,1.873561,0.000000,7.471724
Forecast,2026,31/08/2020,13,Southern,2.040672,4.547151,0.000000,6.587823
Forecast,2026,31/08/2020,14,South Western,0.212991,7.032288,0.000000,7.245279
