Publication,Year_FY,Published_Date,Zone_No,Zone_Name,NHH_Zonal_p/kWh,NHH_SGD_Adjustment_p/kWh,NHHTariff(Floored)_p/kWh
Forecast,2027,12/09/2025,1,Northern Scotland,0.000000,0.000000,0.000000
Forecast,2027,12/09/2025,2,Southern Scotland,0.000000,0.000000,0.000000
Forecast,2027,12/09/2025,3,Northern,0.000000,0.000000,0.000000
Forecast,2027,12/09/2025,4,North West,0.000000,0.000000,0.000000
Forecast,2027,12/09/2025,5,Yorkshire,0.000000,0.000000,0.000000
Forecast,2027,12/09/2025,6,N Wales & Mersey,0.000000,0.000000,0.000000
Forecast,2027,12/09/2025,7,East Midlands,0.000000,0.000000,0.000000
Forecast,2027,12/09/2025,8,Midlands,0.510019,0.000000,0.510019
Forecast,2027,12/09/2025,9,Eastern,0.093120,0.000000,0.093120
Forecast,2027,12/09/2025,10,South Wales,0.743938,0.000000,0.743938
Forecast,2027,12/09/2025,11,South East,0.786991,0.000000,0.786991
Forecast,2027,12/09/2025,12,London,0.762453,0.000000,0.762453
Forecast,2027,12/09/2025,13,Southern,1.126374,0.000000,1.126374
Forecast,2027,12/09/2025,14,South Western,2.026292,0.000000,2.026292
Forecast,2028,12/09/2025,1,Northern Scotland,0.000000,0.000000,0.000000
Forecast,2028,12/09/2025,2,Southern Scotland,0.000000,0.000000,0.000000
Forecast,2028,12/09/2025,3,Northern,0.000000,0.000000,0.000000
Forecast,2028,12/09/2025,4,North West,0.000000,0.000000,0.000000
Forecast,2028,12/09/2025,5,Yorkshire,0.000000,0.000000,0.000000
Forecast,2028,12/09/2025,6,N Wales & Mersey,0.000000,0.000000,0.000000
Forecast,2028,12/09/2025,7,East Midlands,0.000000,0.000000,0.000000
Forecast,2028,12/09/2025,8,Midlands,0.504326,0.000000,0.504326
Forecast,2028,12/09/2025,9,Eastern,0.132290,0.000000,0.132290
Forecast,2028,12/09/2025,10,South Wales,1.190914,0.000000,1.190914
Forecast,2028,12/09/2025,11,South East,0.881748,0.000000,0.881748
Forecast,2028,12/09/2025,12,London,0.822716,0.000000,0.822716
Forecast,2028,12/09/2025,13,Southern,1.137670,0.000000,1.137670
Forecast,2028,12/09/2025,14,South Western,2.174083,0.000000,2.174083
Forecast,2029,12/09/2025,1,Northern Scotland,0.000000,0.000000,0.000000
Forecast,2029,12/09/2025,2,Southern Scotland,0.000000,0.000000,0.000000
Forecast,2029,12/09/2025,3,Northern,0.000000,0.000000,0.000000
Forecast,2029,12/09/2025,4,North West,0.000000,0.000000,0.000000
Forecast,2029,12/09/2025,5,Yorkshire,0.000000,0.000000,0.000000
Forecast,2029,12/09/2025,6,N Wales & Mersey,0.000000,0.000000,0.000000
Forecast,2029,12/09/2025,7,East Midlands,0.000000,0.000000,0.000000
Forecast,2029,12/09/2025,8,Midlands,0.318604,0.000000,0.318604
Forecast,2029,12/09/2025,9,Eastern,0.201097,0.000000,0.201097
Forecast,2029,12/09/2025,10,South Wales,0.348328,0.000000,0.348328
Forecast,2029,12/09/2025,11,South East,1.095356,0.000000,1.095356
Forecast,2029,12/09/2025,12,London,0.907368,0.000000,0.907368
Forecast,2029,12/09/2025,13,Southern,1.290088,0.000000,1.290088
Forecast,2029,12/09/2025,14,South Western,1.651759,0.000000,1.651759
Forecast,2030,12/09/2025,1,Northern Scotland,0.000000,0.000000,0.000000
Forecast,2030,12/09/2025,2,Southern Scotland,0.000000,0.000000,0.000000
Forecast,2030,12/09/2025,3,Northern,0.000000,0.000000,0.000000
Forecast,2030,12/09/2025,4,North West,0.000000,0.000000,0.000000
Forecast,2030,12/09/2025,5,Yorkshire,0.000000,0.000000,0.000000
Forecast,2030,12/09/2025,6,N Wales & Mersey,0.000000,0.000000,0.000000
Forecast,2030,12/09/2025,7,East Midlands,0.272941,0.000000,0.272941
Forecast,2030,12/09/2025,8,Midlands,0.614644,0.000000,0.614644
Forecast,2030,12/09/2025,9,Eastern,0.641888,0.000000,0.641888
Forecast,2030,12/09/2025,10,South Wales,0.679325,0.000000,0.679325
Forecast,2030,12/09/2025,11,South East,1.546169,0.000000,1.546169
Forecast,2030,12/09/2025,12,London,1.239945,0.000000,1.239945
Forecast,2030,12/09/2025,13,Southern,1.701210,0.000000,1.701210
Forecast,2030,12/09/2025,14,South Western,2.083153,0.000000,2.083153
Forecast,2031,12/09/2025,1,Northern Scotland,0.000000,0.000000,0.000000
Forecast,2031,12/09/2025,2,Southern Scotland,0.000000,0.000000,0.000000
Forecast,2031,12/09/2025,3,Northern,0.000000,0.000000,0.000000
Forecast,2031,12/09/2025,4,North West,0.000000,0.000000,0.000000
Forecast,2031,12/09/2025,5,Yorkshire,0.000000,0.000000,0.000000
Forecast,2031,12/09/2025,6,N Wales & Mersey,0.000000,0.000000,0.000000
Forecast,2031,12/09/2025,7,East Midlands,0.374783,0.000000,0.374783
Forecast,2031,12/09/2025,8,Midlands,0.756947,0.000000,0.756947
Forecast,2031,12/09/2025,9,Eastern,0.712916,0.000000,0.712916
Forecast,2031,12/09/2025,10,South Wales,0.887639,0.000000,0.887639
Forecast,2031,12/09/2025,11,South East,1.467302,0.000000,1.467302
Forecast,2031,12/09/2025,12,London,1.277398,0.000000,1.277398
Forecast,2031,12/09/2025,13,Southern,1.627947,0.000000,1.627947
Forecast,2031,12/09/2025,14,South Western,1.305660,0.000000,1.305660
Forecast,2027,30/04/2025,1,Northern Scotland,0.000000,0.000000,0.000000
Forecast,2027,30/04/2025,2,Southern Scotland,0.000000,0.000000,0.000000
Forecast,2027,30/04/2025,3,Northern,0.000000,0.000000,0.000000
Forecast,2027,30/04/2025,4,North West,0.000000,0.000000,0.000000
Forecast,2027,30/04/2025,5,Yorkshire,0.000000,0.000000,0.000000
Forecast,2027,30/04/2025,6,N Wales & Mersey,0.000000,0.000000,0.000000
Forecast,2027,30/04/2025,7,East Midlands,0.000000,0.000000,0.000000
Forecast,2027,30/04/2025,8,Midlands,0.421146,0.000000,0.421146
Forecast,2027,30/04/2025,9,Eastern,0.091692,0.000000,0.091692
Forecast,2027,30/04/2025,10,South Wales,0.975986,0.000000,0.975986
Forecast,2027,30/04/2025,11,South East,0.811494,0.000000,0.811494
Forecast,2027,30/04/2025,12,London,0.754048,0.000000,0.754048
Forecast,2027,30/04/2025,13,Southern,1.138618,0.000000,1.138618
Forecast,2027,30/04/2025,14,South Western,2.257036,0.000000,2.257036
Final,2026,31/01/2025,1,Northern Scotland,0.000000,0.000000,0.000000
Final,2026,31/01/2025,2,Southern Scotland,0.000000,0.000000,0.000000
Final,2026,31/01/2025,3,Northern,0.000000,0.000000,0.000000
Final,2026,31/01/2025,4,North West,0.000000,0.000000,0.000000
Final,2026,31/01/2025,5,Yorkshire,0.000000,0.000000,0.000000
Final,2026,31/01/2025,6,N Wales & Mersey,0.000000,0.000000,0.000000
Final,2026,31/01/2025,7,East Midlands,0.000000,0.000000,0.000000
Final,2026,31/01/2025,8,Midlands,0.386732,0.000000,0.386732
Final,2026,31/01/2025,9,Eastern,0.152494,0.000000,0.152494
Final,2026,31/01/2025,10,South Wales,0.807732,0.000000,0.807732
Final,2026,31/01/2025,11,South East,0.774324,0.000000,0.774324
Final,2026,31/01/2025,12,London,0.813457,0.000000,0.813457
Final,2026,31/01/2025,13,Southern,0.986192,0.000000,0.986192
Final,2026,31/01/2025,14,South Western,1.377268,0.000000,1.377268
Draft,2026,29/11/2024,1,Northern Scotland,0.000000,0.000000,0.000000
Draft,2026,29/11/2024,2,Southern Scotland,0.000000,0.000000,0.000000
Draft,2026,29/11/2024,3,Northern,0.000000,0.000000,0.000000
Draft,2026,29/11/2024,4,North West,0.000000,0.000000,0.000000
Draft,2026,29/11/2024,5,Yorkshire,0.000000,0.000000,0.000000
Draft,2026,29/11/2024,6,N Wales & Mersey,0.000000,0.000000,0.000000
Draft,2026,29/11/2024,7,East Midlands,0.000000,0.000000,0.000000
Draft,2026,29/11/2024,8,Midlands,0.292904,0.000000,0.292904
Draft,2026,29/11/2024,9,Eastern,0.211744,0.000000,0.211744
Draft,2026,29/11/2024,10,South Wales,0.459966,0.000000,0.459966
Draft,2026,29/11/2024,11,South East,0.699604,0.000000,0.699604
Draft,2026,29/11/2024,12,London,0.797542,0.000000,0.797542
Draft,2026,29/11/2024,13,Southern,1.129760,0.000000,1.129760
Draft,2026,29/11/2024,14,South Western,1.368920,0.000000,1.368920
Forecast,2026,31/07/2024,1,Northern Scotland,0.000000,0.000000,0.000000
Forecast,2026,31/07/2024,2,Southern Scotland,0.000000,0.000000,0.000000
Forecast,2026,31/07/2024,3,Northern,0.000000,0.000000,0.000000
Forecast,2026,31/07/2024,4,North West,0.000000,0.000000,0.000000
Forecast,2026,31/07/2024,5,Yorkshire,0.000000,0.000000,0.000000
Forecast,2026,31/07/2024,6,N Wales & Mersey,0.000000,0.000000,0.000000
Forecast,2026,31/07/2024,7,East Midlands,0.009870,0.000000,0.009870
Forecast,2026,31/07/2024,8,Midlands,0.333620,0.000000,0.333620
Forecast,2026,31/07/2024,9,Eastern,0.180633,0.000000,0.180633
Forecast,2026,31/07/2024,10,South Wales,0.822447,0.000000,0.822447
Forecast,2026,31/07/2024,11,South East,0.605997,0.000000,0.605997
Forecast,2026,31/07/2024,12,London,0.798303,0.000000,0.798303
Forecast,2026,31/07/2024,13,Southern,0.815929,0.000000,0.815929
Forecast,2026,31/07/2024,14,South Western,0.562408,0.000000,0.562408
Forecast,2026,20/06/2024,1,Northern Scotland,0.000000,0.000000,0.000000
Forecast,2026,20/06/2024,2,Southern Scotland,0.000000,0.000000,0.000000
Forecast,2026,20/06/2024,3,Northern,0.000000,0.000000,0.000000
Forecast,2026,20/06/2024,4,North West,0.000000,0.000000,0.000000
Forecast,2026,20/06/2024,5,Yorkshire,0.000000,0.000000,0.000000
Forecast,2026,20/06/2024,6,N Wales & Mersey,0.000000,0.000000,0.000000
Forecast,2026,20/06/2024,7,East Midlands,0.000000,0.000000,0.000000
Forecast,2026,20/06/2024,8,Midlands,0.254205,0.000000,0.254205
Forecast,2026,20/06/2024,9,Eastern,0.189042,0.000000,0.189042
Forecast,2026,20/06/2024,10,South Wales,0.388739,0.000000,0.388739
Forecast,2026,20/06/2024,11,South East,0.721070,0.000000,0.721070
Forecast,2026,20/06/2024,12,London,0.797668,0.000000,0.797668
Forecast,2026,20/06/2024,13,Southern,1.022639,0.000000,1.022639
Forecast,2026,20/06/2024,14,South Western,1.614174,0.000000,1.614174
Forecast,2027,20/06/2024,1,Northern Scotland,0.000000,0.000000,0.000000
Forecast,2027,20/06/2024,2,Southern Scotland,0.000000,0.000000,0.000000
Forecast,2027,20/06/2024,3,Northern,0.000000,0.000000,0.000000
Forecast,2027,20/06/2024,4,North West,0.000000,0.000000,0.000000
Forecast,2027,20/06/2024,5,Yorkshire,0.000000,0.000000,0.000000
Forecast,2027,20/06/2024,6,N Wales & Mersey,0.000000,0.000000,0.000000
Forecast,2027,20/06/2024,7,East Midlands,0.000000,0.000000,0.000000
Forecast,2027,20/06/2024,8,Midlands,0.131894,0.000000,0.131894
Forecast,2027,20/06/2024,9,Eastern,0.327012,0.000000,0.327012
Forecast,2027,20/06/2024,10,South Wales,0.236645,0.000000,0.236645
Forecast,2027,20/06/2024,11,South East,0.847467,0.000000,0.847467
Forecast,2027,20/06/2024,12,London,0.940436,0.000000,0.940436
Forecast,2027,20/06/2024,13,Southern,1.092552,0.000000,1.092552
Forecast,2027,20/06/2024,14,South Western,1.631983,0.000000,1.631983
Forecast,2028,20/06/2024,1,Northern Scotland,0.000000,0.000000,0.000000
Forecast,2028,20/06/2024,2,Southern Scotland,0.000000,0.000000,0.000000
Forecast,2028,20/06/2024,3,Northern,0.000000,0.000000,0.000000
Forecast,2028,20/06/2024,4,North West,0.000000,0.000000,0.000000
Forecast,2028,20/06/2024,5,Yorkshire,0.000000,0.000000,0.000000
Forecast,2028,20/06/2024,6,N Wales & Mersey,0.000000,0.000000,0.000000
Forecast,2028,20/06/2024,7,East Midlands,0.008937,0.000000,0.008937
Forecast,2028,20/06/2024,8,Midlands,0.231126,0.000000,0.231126
Forecast,2028,20/06/2024,9,Eastern,0.410374,0.000000,0.410374
Forecast,2028,20/06/2024,10,South Wales,0.194865,0.000000,0.194865
Forecast,2028,20/06/2024,11,South East,0.779106,0.000000,0.779106
Forecast,2028,20/06/2024,12,London,1.004355,0.000000,1.004355
Forecast,2028,20/06/2024,13,Southern,0.938101,0.000000,0.938101
Forecast,2028,20/06/2024,14,South Western,0.493502,0.000000,0.493502
Forecast,2029,20/06/2024,1,Northern Scotland,0.000000,0.000000,0.000000
Forecast,2029,20/06/2024,2,Southern Scotland,0.000000,0.000000,0.000000
Forecast,2029,20/06/2024,3,Northern,0.000000,0.000000,0.000000
Forecast,2029,20/06/2024,4,North West,0.000000,0.000000,0.000000
Forecast,2029,20/06/2024,5,Yorkshire,0.000000,0.000000,0.000000
Forecast,2029,20/06/2024,6,N Wales & Mersey,0.000000,0.000000,0.000000
Forecast,2029,20/06/2024,7,East Midlands,0.053500,0.000000,0.053500
Forecast,2029,20/06/2024,8,Midlands,0.268768,0.000000,0.268768
Forecast,2029,20/06/2024,9,Eastern,0.428436,0.000000,0.428436
Forecast,2029,20/06/2024,10,South Wales,0.146649,0.000000,0.146649
Forecast,2029,20/06/2024,11,South East,0.746175,0.000000,0.746175
Forecast,2029,20/06/2024,12,London,0.969440,0.000000,0.969440
Forecast,2029,20/06/2024,13,Southern,0.931259,0.000000,0.931259
Forecast,2029,20/06/2024,14,South Western,0.338818,0.000000,0.338818
Forecast,2030,20/06/2024,1,Northern Scotland,0.000000,0.000000,0.000000
Forecast,2030,20/06/2024,2,Southern Scotland,0.000000,0.000000,0.000000
Forecast,2030,20/06/2024,3,Northern,0.000000,0.000000,0.000000
Forecast,2030,20/06/2024,4,North West,0.000000,0.000000,0.000000
Forecast,2030,20/06/2024,5,Yorkshire,0.000000,0.000000,0.000000
Forecast,2030,20/06/2024,6,N Wales & Mersey,0.000000,0.000000,0.000000
Forecast,2030,20/06/2024,7,East Midlands,0.185345,0.000000,0.185345
Forecast,2030,20/06/2024,8,Midlands,0.378736,0.000000,0.378736
Forecast,2030,20/06/2024,9,Eastern,0.612771,0.000000,0.612771
Forecast,2030,20/06/2024,10,South Wales,0.393685,0.000000,0.393685
Forecast,2030,20/06/2024,11,South East,1.086955,0.000000,1.086955
Forecast,2030,20/06/2024,12,London,1.145858,0.000000,1.145858
Forecast,2030,20/06/2024,13,Southern,1.231638,0.000000,1.231638
Forecast,2030,20/06/2024,14,South Western,0.704802,0.000000,0.704802
Final,2025,08/02/2024,1,Northern Scotland,0.000000,0.000000,0.000000
Final,2025,08/02/2024,2,Southern Scotland,0.000000,0.000000,0.000000
Final,2025,08/02/2024,3,Northern,0.000000,0.000000,0.000000
Final,2025,08/02/2024,4,North West,0.000000,0.000000,0.000000
Final,2025,08/02/2024,5,Yorkshire,0.000000,0.000000,0.000000
Final,2025,08/02/2024,6,N Wales & Mersey,0.000000,0.000000,0.000000
Final,2025,08/02/2024,7,East Midlands,0.000000,0.000000,0.000000
Final,2025,08/02/2024,8,Midlands,0.312657,0.000000,0.312657
Final,2025,08/02/2024,9,Eastern,0.113949,0.000000,0.113949
Final,2025,08/02/2024,10,South Wales,0.533793,0.000000,0.533793
Final,2025,08/02/2024,11,South East,0.538522,0.000000,0.538522
Final,2025,08/02/2024,12,London,0.644217,0.000000,0.644217
Final,2025,08/02/2024,13,Southern,0.903934,0.000000,0.903934
Final,2025,08/02/2024,14,South Western,1.129620,0.000000,1.129620
Draft,2025,12/12/2023,1,Northern Scotland,0.000000,0.000000,0.000000
Draft,2025,12/12/2023,2,Southern Scotland,0.000000,0.000000,0.000000
Draft,2025,12/12/2023,3,Northern,0.000000,0.000000,0.000000
Draft,2025,12/12/2023,4,North West,0.000000,0.000000,0.000000
Draft,2025,12/12/2023,5,Yorkshire,0.000000,0.000000,0.000000
Draft,2025,12/12/2023,6,N Wales & Mersey,0.000000,0.000000,0.000000
Draft,2025,12/12/2023,7,East Midlands,0.000000,0.000000,0.000000
Draft,2025,12/12/2023,8,Midlands,0.331477,0.000000,0.331477
Draft,2025,12/12/2023,9,Eastern,0.121828,0.000000,0.121828
Draft,2025,12/12/2023,10,South Wales,0.561335,0.000000,0.561335
Draft,2025,12/12/2023,11,South East,0.572982,0.000000,0.572982
Draft,2025,12/12/2023,12,London,0.687413,0.000000,0.687413
Draft,2025,12/12/2023,13,Southern,0.964020,0.000000,0.964020
Draft,2025,12/12/2023,14,South Western,1.185452,0.000000,1.185452
Forecast,2025,31/07/2023,1,Northern Scotland,0.000000,0.000000,0.000000
Forecast,2025,31/07/2023,2,Southern Scotland,0.000000,0.000000,0.000000
Forecast,2025,31/07/2023,3,Northern,0.000000,0.000000,0.000000
Forecast,2025,31/07/2023,4,North West,0.000000,0.000000,0.000000
Forecast,2025,31/07/2023,5,Yorkshire,0.000000,0.000000,0.000000
Forecast,2025,31/07/2023,6,N Wales & Mersey,0.000000,0.000000,0.000000
Forecast,2025,31/07/2023,7,East Midlands,0.000000,0.000000,0.000000
Forecast,2025,31/07/2023,8,Midlands,0.270342,0.000000,0.270342
Forecast,2025,31/07/2023,9,Eastern,0.000000,0.000000,0.000000
Forecast,2025,31/07/2023,10,South Wales,0.713381,0.000000,0.713381
Forecast,2025,31/07/2023,11,South East,0.345266,0.000000,0.345266
Forecast,2025,31/07/2023,12,London,0.318591,0.000000,0.318591
Forecast,2025,31/07/2023,13,Southern,0.794154,0.000000,0.794154
Forecast,2025,31/07/2023,14,South Western,1.793581,0.000000,1.793581
Final,2024,14/02/2023,1,Northern Scotland,0.000000,0.000000,0.000000
Final,2024,14/02/2023,2,Southern Scotland,0.000000,0.000000,0.000000
Final,2024,14/02/2023,3,Northern,0.000000,0.000000,0.000000
Final,2024,14/02/2023,4,North West,0.000000,0.000000,0.000000
Final,2024,14/02/2023,5,Yorkshire,0.000000,0.000000,0.000000
Final,2024,14/02/2023,6,N Wales & Mersey,0.000000,0.000000,0.000000
Final,2024,14/02/2023,7,East Midlands,0.000000,0.000000,0.000000
Final,2024,14/02/2023,8,Midlands,0.400584,0.000000,0.400584
Final,2024,14/02/2023,9,Eastern,0.037686,0.000000,0.037686
Final,2024,14/02/2023,10,South Wales,0.794120,0.000000,0.794120
Final,2024,14/02/2023,11,South East,0.402166,0.000000,0.402166
Final,2024,14/02/2023,12,London,0.489298,0.000000,0.489298
Final,2024,14/02/2023,13,Southern,0.703544,0.000000,0.703544
Final,2024,14/02/2023,14,South Western,1.079091,0.000000,1.079091
Draft,2024,30/11/2022,1,Northern Scotland,0.000000,0.000000,0.000000
Draft,2024,30/11/2022,2,Southern Scotland,0.000000,0.000000,0.000000
Draft,2024,30/11/2022,3,Northern,0.000000,0.000000,0.000000
Draft,2024,30/11/2022,4,North West,0.000000,0.000000,0.000000
Draft,2024,30/11/2022,5,Yorkshire,0.000000,0.000000,0.000000
Draft,2024,30/11/2022,6,N Wales & Mersey,0.000000,0.000000,0.000000
Draft,2024,30/11/2022,7,East Midlands,0.000000,0.000000,0.000000
Draft,2024,30/11/2022,8,Midlands,0.383934,0.000000,0.383934
Draft,2024,30/11/2022,9,Eastern,0.036455,0.000000,0.036455
Draft,2024,30/11/2022,10,South Wales,0.761901,0.000000,0.761901
Draft,2024,30/11/2022,11,South East,0.387454,0.000000,0.387454
Draft,2024,30/11/2022,12,London,0.452197,0.000000,0.452197
Draft,2024,30/11/2022,13,Southern,0.674743,0.000000,0.674743
Draft,2024,30/11/2022,14,South Western,1.050876,0.000000,1.050876
Forecast,2024,31/08/2022,1,Northern Scotland,0.000000,0.000000,0.000000
Forecast,2024,31/08/2022,2,Southern Scotland,0.000000,0.000000,0.000000
Forecast,2024,31/08/2022,3,Northern,0.000000,0.000000,0.000000
Forecast,2024,31/08/2022,4,North West,0.000000,0.000000,0.000000
Forecast,2024,31/08/2022,5,Yorkshire,0.000000,0.000000,0.000000
Forecast,2024,31/08/2022,6,N Wales & Mersey,0.000000,0.000000,0.000000
Forecast,2024,31/08/2022,7,East Midlands,0.000000,0.000000,0.000000
Forecast,2024,31/08/2022,8,Midlands,0.000000,0.000000,0.000000
Forecast,2024,31/08/2022,9,Eastern,0.124251,0.000000,0.124251
Forecast,2024,31/08/2022,10,South Wales,0.281869,0.000000,0.281869
Forecast,2024,31/08/2022,11,South East,0.467587,0.000000,0.467587
Forecast,2024,31/08/2022,12,London,0.741324,0.000000,0.741324
Forecast,2024,31/08/2022,13,Southern,0.726061,0.000000,0.726061
Forecast,2024,31/08/2022,14,South Western,1.027589,0.000000,1.027589
Forecast,2024,07/04/2022,1,Northern Scotland,0.000000,0.000000,0.000000
Forecast,2024,07/04/2022,2,Southern Scotland,0.000000,0.000000,0.000000
Forecast,2024,07/04/2022,3,Northern,0.000000,0.000000,0.000000
Forecast,2024,07/04/2022,4,North West,0.000000,0.000000,0.000000
Forecast,2024,07/04/2022,5,Yorkshire,0.000000,0.000000,0.000000
Forecast,2024,07/04/2022,6,N Wales & Mersey,0.000000,0.000000,0.000000
Forecast,2024,07/04/2022,7,East Midlands,0.000000,0.000000,0.000000
Forecast,2024,07/04/2022,8,Midlands,0.067926,0.000000,0.067926
Forecast,2024,07/04/2022,9,Eastern,0.000000,0.000000,0.000000
Forecast,2024,07/04/2022,10,South Wales,0.447363,0.000000,0.447363
Forecast,2024,07/04/2022,11,South East,0.385372,0.000000,0.385372
Forecast,2024,07/04/2022,12,London,0.514028,0.000000,0.514028
Forecast,2024,07/04/2022,13,Southern,0.686977,0.000000,0.686977
Forecast,2024,07/04/2022,14,South Western,1.174085,0.000000,1.174085
Forecast,2025,07/04/2022,1,Northern Scotland,0.000000,0.000000,0.000000
Forecast,2025,07/04/2022,2,Southern Scotland,0.000000,0.000000,0.000000
Forecast,2025,07/04/2022,3,Northern,0.000000,0.000000,0.000000
Forecast,2025,07/04/2022,4,North West,0.000000,0.000000,0.000000
Forecast,2025,07/04/2022,5,Yorkshire,0.000000,0.000000,0.000000
Forecast,2025,07/04/2022,6,N Wales & Mersey,0.000000,0.000000,0.000000
Forecast,2025,07/04/2022,7,East Midlands,0.000000,0.000000,0.000000
Forecast,2025,07/04/2022,8,Midlands,0.008554,0.000000,0.008554
Forecast,2025,07/04/2022,9,Eastern,0.000000,0.000000,0.000000
Forecast,2025,07/04/2022,10,South Wales,0.463199,0.000000,0.463199
Forecast,2025,07/04/2022,11,South East,0.487435,0.000000,0.487435
Forecast,2025,07/04/2022,12,London,0.283465,0.000000,0.283465
Forecast,2025,07/04/2022,13,Southern,0.807441,0.000000,0.807441
Forecast,2025,07/04/2022,14,South Western,1.477918,0.000000,1.477918
Forecast,2026,07/04/2022,1,Northern Scotland,0.000000,0.000000,0.000000
Forecast,2026,07/04/2022,2,Southern Scotland,0.000000,0.000000,0.000000
Forecast,2026,07/04/2022,3,Northern,0.000000,0.000000,0.000000
Forecast,2026,07/04/2022,4,North West,0.000000,0.000000,0.000000
Forecast,2026,07/04/2022,5,Yorkshire,0.000000,0.000000,0.000000
Forecast,2026,07/04/2022,6,N Wales & Mersey,0.000000,0.000000,0.000000
Forecast,2026,07/04/2022,7,East Midlands,0.000000,0.000000,0.000000
Forecast,2026,07/04/2022,8,Midlands,0.000000,0.000000,0.000000
Forecast,2026,07/04/2022,9,Eastern,0.000000,0.000000,0.000000
Forecast,2026,07/04/2022,10,South Wales,0.334588,0.000000,0.334588
Forecast,2026,07/04/2022,11,South East,0.520445,0.000000,0.520445
Forecast,2026,07/04/2022,12,London,0.286360,0.000000,0.286360
Forecast,2026,07/04/2022,13,Southern,0.842906,0.000000,0.842906
Forecast,2026,07/04/2022,14,South Western,1.455855,0.000000,1.455855
Forecast,2027,07/04/2022,1,Northern Scotland,0.000000,0.000000,0.000000
Forecast,2027,07/04/2022,2,Southern Scotland,0.000000,0.000000,0.000000
Forecast,2027,07/04/2022,3,Northern,0.000000,0.000000,0.000000
Forecast,2027,07/04/2022,4,North West,0.000000,0.000000,0.000000
Forecast,2027,07/04/2022,5,Yorkshire,0.000000,0.000000,0.000000
Forecast,2027,07/04/2022,6,N Wales & Mersey,0.000000,0.000000,0.000000
Forecast,2027,07/04/2022,7,East Midlands,0.000000,0.000000,0.000000
Forecast,2027,07/04/2022,8,Midlands,0.000000,0.000000,0.000000
Forecast,2027,07/04/2022,9,Eastern,0.000000,0.000000,0.000000
Forecast,2027,07/04/2022,10,South Wales,0.311837,0.000000,0.311837
Forecast,2027,07/04/2022,11,South East,0.474347,0.000000,0.474347
Forecast,2027,07/04/2022,12,London,0.425331,0.000000,0.425331
Forecast,2027,07/04/2022,13,Southern,0.829798,0.000000,0.829798
Forecast,2027,07/04/2022,14,South Western,1.437113,0.000000,1.437113
Forecast,2028,07/04/2022,1,Northern Scotland,0.000000,0.000000,0.000000
Forecast,2028,07/04/2022,2,Southern Scotland,0.000000,0.000000,0.000000
Forecast,2028,07/04/2022,3,Northern,0.000000,0.000000,0.000000
Forecast,2028,07/04/2022,4,North West,0.000000,0.000000,0.000000
Forecast,2028,07/04/2022,5,Yorkshire,0.000000,0.000000,0.000000
Forecast,2028,07/04/2022,6,N Wales & Mersey,0.000000,0.000000,0.000000
Forecast,2028,07/04/2022,7,East Midlands,0.000000,0.000000,0.000000
Forecast,2028,07/04/2022,8,Midlands,0.000000,0.000000,0.000000
Forecast,2028,07/04/2022,9,Eastern,0.002313,0.000000,0.002313
Forecast,2028,07/04/2022,10,South Wales,0.147658,0.000000,0.147658
Forecast,2028,07/04/2022,11,South East,0.662957,0.000000,0.662957
Forecast,2028,07/04/2022,12,London,0.600466,0.000000,0.600466
Forecast,2028,07/04/2022,13,Southern,0.899784,0.000000,0.899784
Forecast,2028,07/04/2022,14,South Western,0.849648,0.000000,0.849648
Final,2023,31/01/2022,1,Northern Scotland,3.558626,0.000000,3.558626
Final,2023,31/01/2022,2,Southern Scotland,4.395158,0.000000,4.395158
Final,2023,31/01/2022,3,Northern,5.280945,0.000000,5.280945
Final,2023,31/01/2022,4,North West,6.382111,0.000000,6.382111
Final,2023,31/01/2022,5,Yorkshire,6.199445,0.000000,6.199445
Final,2023,31/01/2022,6,N Wales & Mersey,6.460609,0.000000,6.460609
Final,2023,31/01/2022,7,East Midlands,6.954272,0.000000,6.954272
Final,2023,31/01/2022,8,Midlands,7.145603,0.000000,7.145603
Final,2023,31/01/2022,9,Eastern,7.696135,0.000000,7.696135
Final,2023,31/01/2022,10,South Wales,6.630234,0.000000,6.630234
Final,2023,31/01/2022,11,South East,8.057826,0.000000,8.057826
Final,2023,31/01/2022,12,London,6.457749,0.000000,6.457749
Final,2023,31/01/2022,13,Southern,7.854326,0.000000,7.854326
Final,2023,31/01/2022,14,South Western,8.671244,0.000000,8.671244
Draft,2023,30/11/2021,1,Northern Scotland,3.754234,0.000000,3.754234
Draft,2023,30/11/2021,2,Southern Scotland,4.556094,0.000000,4.556094
Draft,2023,30/11/2021,3,Northern,5.426633,0.000000,5.426633
Draft,2023,30/11/2021,4,North West,6.558575,0.000000,6.558575
Draft,2023,30/11/2021,5,Yorkshire,6.348318,0.000000,6.348318
Draft,2023,30/11/2021,6,N Wales & Mersey,6.617061,0.000000,6.617061
Draft,2023,30/11/2021,7,East Midlands,7.10622,0.000000,7.10622
Draft,2023,30/11/2021,8,Midlands,7.325327,0.000000,7.325327
Draft,2023,30/11/2021,9,Eastern,7.846331,0.000000,7.846331
Draft,2023,30/11/2021,10,South Wales,6.847104,0.000000,6.847104
Draft,2023,30/11/2021,11,South East,8.243977,0.000000,8.243977
Draft,2023,30/11/2021,12,London,6.602228,0.000000,6.602228
Draft,2023,30/11/2021,13,Southern,8.031774,0.000000,8.031774
Draft,2023,30/11/2021,14,South Western,8.883631,0.000000,8.883631
Forecast,2023,31/08/2021,1,Northern Scotland,3.016852,0.000000,3.016852
Forecast,2023,31/08/2021,2,Southern Scotland,4.054787,0.000000,4.054787
Forecast,2023,31/08/2021,3,Northern,5.075388,0.000000,5.075388
Forecast,2023,31/08/2021,4,North West,6.06773,0.000000,6.06773
Forecast,2023,31/08/2021,5,Yorkshire,5.900569,0.000000,5.900569
Forecast,2023,31/08/2021,6,N Wales & Mersey,6.02857,0.000000,6.02857
Forecast,2023,31/08/2021,7,East Midlands,6.617207,0.000000,6.617207
Forecast,2023,31/08/2021,8,Midlands,6.906122,0.000000,6.906122
Forecast,2023,31/08/2021,9,Eastern,7.463089,0.000000,7.463089
Forecast,2023,31/08/2021,10,South Wales,6.343088,0.000000,6.343088
Forecast,2023,31/08/2021,11,South East,7.822213,0.000000,7.822213
Forecast,2023,31/08/2021,12,London,6.345094,0.000000,6.345094
Forecast,2023,31/08/2021,13,Southern,7.578782,0.000000,7.578782
Forecast,2023,31/08/2021,14,South Western,8.35649,0.000000,8.35649
Forecast,2023,30/04/2021,1,Northern Scotland,3.022811,0.000000,3.022811
Forecast,2023,30/04/2021,2,Southern Scotland,4.012326,0.000000,4.012326
Forecast,2023,30/04/2021,3,Northern,5.135737,0.000000,5.135737
Forecast,2023,30/04/2021,4,North West,6.042024,0.000000,6.042024
Forecast,2023,30/04/2021,5,Yorkshire,5.902938,0.000000,5.902938
Forecast,2023,30/04/2021,6,N Wales & Mersey,5.982738,0.000000,5.982738
Forecast,2023,30/04/2021,7,East Midlands,6.57082,0.000000,6.57082
Forecast,2023,30/04/2021,8,Midlands,6.896029,0.000000,6.896029
Forecast,2023,30/04/2021,9,Eastern,7.406702,0.000000,7.406702
Forecast,2023,30/04/2021,10,South Wales,6.264584,0.000000,6.264584
Forecast,2023,30/04/2021,11,South East,7.766608,0.000000,7.766608
Forecast,2023,30/04/2021,12,London,6.256171,0.000000,6.256171
Forecast,2023,30/04/2021,13,Southern,7.523025,0.000000,7.523025
Forecast,2023,30/04/2021,14,South Western,8.44426,0.000000,8.44426
Forecast,2024,30/04/2021,1,Northern Scotland,0.000000,0.000000,0.000000
Forecast,2024,30/04/2021,2,Southern Scotland,0.000000,0.000000,0.000000
Forecast,2024,30/04/2021,3,Northern,0.000000,0.000000,0.000000
Forecast,2024,30/04/2021,4,North West,0.000000,0.000000,0.000000
Forecast,2024,30/04/2021,5,Yorkshire,0.000000,0.000000,0.000000
Forecast,2024,30/04/2021,6,N Wales & Mersey,0.000000,0.000000,0.000000
Forecast,2024,30/04/2021,7,East Midlands,0.000000,0.000000,0.000000
Forecast,2024,30/04/2021,8,Midlands,0.152274,0.000000,0.152274
Forecast,2024,30/04/2021,9,Eastern,0.000000,0.000000,0.000000
Forecast,2024,30/04/2021,10,South Wales,0.480909,0.000000,0.480909
Forecast,2024,30/04/2021,11,South East,0.322148,0.000000,0.322148
Forecast,2024,30/04/2021,12,London,0.490426,0.000000,0.490426
Forecast,2024,30/04/2021,13,Southern,0.634257,0.000000,0.634257
Forecast,2024,30/04/2021,14,South Western,1.335608,0.000000,1.335608
Forecast,2025,30/04/2021,1,Northern Scotland,0.000000,0.000000,0.000000
Forecast,2025,30/04/2021,2,Southern Scotland,0.000000,0.000000,0.000000
Forecast,2025,30/04/2021,3,Northern,0.000000,0.000000,0.000000
Forecast,2025,30/04/2021,4,North West,0.000000,0.000000,0.000000
Forecast,2025,30/04/2021,5,Yorkshire,0.000000,0.000000,0.000000
Forecast,2025,30/04/2021,6,N Wales & Mersey,0.000000,0.000000,0.000000
Forecast,2025,30/04/2021,7,East Midlands,0.000000,0.000000,0.000000
Forecast,2025,30/04/2021,8,Midlands,0.199008,0.000000,0.199008
Forecast,2025,30/04/2021,9,Eastern,0.000000,0.000000,0.000000
Forecast,2025,30/04/2021,10,South Wales,0.347672,0.000000,0.347672
Forecast,2025,30/04/2021,11,South East,0.182401,0.000000,0.182401
Forecast,2025,30/04/2021,12,London,0.376802,0.000000,0.376802
Forecast,2025,30/04/2021,13,Southern,0.579943,0.000000,0.579943
Forecast,2025,30/04/2021,14,South Western,1.358090,0.000000,1.358090
Forecast,2026,30/04/2021,1,Northern Scotland,0.000000,0.000000,0.000000
Forecast,2026,30/04/2021,2,Southern Scotland,0.000000,0.000000,0.000000
Forecast,2026,30/04/2021,3,Northern,0.000000,0.000000,0.000000
Forecast,2026,30/04/2021,4,North West,0.000000,0.000000,0.000000
Forecast,2026,30/04/2021,5,Yorkshire,0.000000,0.000000,0.000000
Forecast,2026,30/04/2021,6,N Wales & Mersey,0.000000,0.000000,0.000000
Forecast,2026,30/04/2021,7,East Midlands,0.000000,0.000000,0.000000
Forecast,2026,30/04/2021,8,Midlands,0.168479,0.000000,0.168479
Forecast,2026,30/04/2021,9,Eastern,0.000000,0.000000,0.000000
Forecast,2026,30/04/2021,10,South Wales,0.350043,0.000000,0.350043
Forecast,2026,30/04/2021,11,South East,0.192642,0.000000,0.192642
Forecast,2026,30/04/2021,12,London,0.388562,0.000000,0.388562
Forecast,2026,30/04/2021,13,Southern,0.591774,0.000000,0.591774
Forecast,2026,30/04/2021,14,South Western,1.358419,0.000000,1.358419
Forecast,2027,30/04/2021,1,Northern Scotland,0.000000,0.000000,0.000000
Forecast,2027,30/04/2021,2,Southern Scotland,0.000000,0.000000,0.000000
Forecast,2027,30/04/2021,3,Northern,0.000000,0.000000,0.000000
Forecast,2027,30/04/2021,4,North West,0.000000,0.000000,0.000000
Forecast,2027,30/04/2021,5,Yorkshire,0.000000,0.000000,0.000000
Forecast,2027,30/04/2021,6,N Wales & Mersey,0.000000,0.000000,0.000000
Forecast,2027,30/04/2021,7,East Midlands,0.000000,0.000000,0.000000
Forecast,2027,30/04/2021,8,Midlands,0.098127,0.000000,0.098127
Forecast,2027,30/04/2021,9,Eastern,0.000000,0.000000,0.000000
Forecast,2027,30/04/2021,10,South Wales,0.935237,0.000000,0.935237
Forecast,2027,30/04/2021,11,South East,0.156505,0.000000,0.156505
Forecast,2027,30/04/2021,12,London,0.372622,0.000000,0.372622
Forecast,2027,30/04/2021,13,Southern,0.610218,0.000000,0.610218
Forecast,2027,30/04/2021,14,South Western,1.591817,0.000000,1.591817
Final,2021,31/01/2020,1,Northern Scotland,2.656777,0.085865,2.742642
Final,2021,31/01/2020,2,Southern Scotland,3.443130,0.085865,3.528995
Final,2021,31/01/2020,3,Northern,4.682502,0.085865,4.768367
Final,2021,31/01/2020,4,North West,5.649326,0.085865,5.735191
Final,2021,31/01/2020,5,Yorkshire,5.559549,0.085865,5.645414
Final,2021,31/01/2020,6,N Wales & Mersey,5.725779,0.085865,5.811644
Final,2021,31/01/2020,7,East Midlands,6.195258,0.085865,6.281123
Final,2021,31/01/2020,8,Midlands,6.439629,0.085865,6.525494
Final,2021,31/01/2020,9,Eastern,6.908355,0.085865,6.994220
Final,2021,31/01/2020,10,South Wales,5.509040,0.085865,5.594905
Final,2021,31/01/2020,11,South East,7.425472,0.085865,7.511337
Final,2021,31/01/2020,12,London,5.742377,0.085865,5.828242
Final,2021,31/01/2020,13,Southern,7.050438,0.085865,7.136303
Final,2021,31/01/2020,14,South Western,7.522941,0.085865,7.608806
Draft,2022,30/11/2020,1,Northern Scotland,2.731383,0.000000,2.731383
Draft,2022,30/11/2020,2,Southern Scotland,3.774643,0.000000,3.774643
Draft,2022,30/11/2020,3,Northern,5.168770,0.000000,5.168770
Draft,2022,30/11/2020,4,North West,6.135768,0.000000,6.135768
Draft,2022,30/11/2020,5,Yorkshire,6.035617,0.000000,6.035617
Draft,2022,30/11/2020,6,N Wales & Mersey,6.122775,0.000000,6.122775
Draft,2022,30/11/2020,7,East Midlands,6.711876,0.000000,6.711876
Draft,2022,30/11/2020,8,Midlands,7.022124,0.000000,7.022124
Draft,2022,30/11/2020,9,Eastern,7.388941,0.000000,7.388941
Draft,2022,30/11/2020,10,South Wales,6.570524,0.000000,6.570524
Draft,2022,30/11/2020,11,South East,7.861029,0.000000,7.861029
Draft,2022,30/11/2020,12,London,6.340861,0.000000,6.340861
Draft,2022,30/11/2020,13,Southern,7.653066,0.000000,7.653066
Draft,2022,30/11/2020,14,South Western,8.596217,0.000000,8.596217
Final,2022,31/01/2021,1,Northern Scotland,2.723726,0.000000,2.731383
Final,2022,31/01/2021,2,Southern Scotland,3.712996,0.000000,3.774643
Final,2022,31/01/2021,3,Northern,5.139134,0.000000,5.168770
Final,2022,31/01/2021,4,North West,6.039881,0.000000,6.135768
Final,2022,31/01/2021,5,Yorkshire,5.963751,0.000000,6.035617
Final,2022,31/01/2021,6,N Wales & Mersey,6.060647,0.000000,6.122775
Final,2022,31/01/2021,7,East Midlands,6.641922,0.000000,6.711876
Final,2022,31/01/2021,8,Midlands,6.937534,0.000000,7.022124
Final,2022,31/01/2021,9,Eastern,7.355652,0.000000,7.388941
Final,2022,31/01/2021,10,South Wales,6.514291,0.000000,6.570524
Final,2022,31/01/2021,11,South East,7.738980,0.000000,7.861029
Final,2022,31/01/2021,12,London,6.378699,0.000000,6.340861
Final,2022,31/01/2021,13,Southern,7.574864,0.000000,7.653066
Final,2022,31/01/2021,14,South Western,8.488355,0.000000,8.596217
Forecast,2023,31/08/2020,1,Northern Scotland,0.000000,0.000000,0.000000
Forecast,2023,31/08/2020,2,Southern Scotland,0.000000,0.000000,0.000000
Forecast,2023,31/08/2020,3,Northern,0.000000,0.000000,0.000000
Forecast,2023,31/08/2020,4,North West,0.000000,0.000000,0.000000
Forecast,2023,31/08/2020,5,Yorkshire,0.000000,0.000000,0.000000
Forecast,2023,31/08/2020,6,N Wales & Mersey,0.000000,0.000000,0.000000
Forecast,2023,31/08/2020,7,East Midlands,0.000000,0.000000,0.000000
Forecast,2023,31/08/2020,8,Midlands,0.083836,0.000000,0.083836
Forecast,2023,31/08/2020,9,Eastern,0.207804,0.000000,0.207804
Forecast,2023,31/08/2020,10,South Wales,0.000000,0.000000,0.000000
Forecast,2023,31/08/2020,11,South East,0.658112,0.000000,0.658112
Forecast,2023,31/08/2020,12,London,0.726469,0.000000,0.726469
Forecast,2023,31/08/2020,13,Southern,0.815947,0.000000,0.815947
Forecast,2023,31/08/2020,14,South Western,0.770740,0.000000,0.770740
Forecast,2024,31/08/2020,1,Northern Scotland,0.000000,0.000000,0.000000
Forecast,2024,31/08/2020,2,Southern Scotland,0.000000,0.000000,0.000000
Forecast,2024,31/08/2020,3,Northern,0.000000,0.000000,0.000000
Forecast,2024,31/08/2020,4,North West,0.000000,0.000000,0.000000
Forecast,2024,31/08/2020,5,Yorkshire,0.000000,0.000000,0.000000
Forecast,2024,31/08/2020,6,N Wales & Mersey,0.000000,0.000000,0.000000
Forecast,2024,31/08/2020,7,East Midlands,0.000000,0.000000,0.000000
Forecast,2024,31/08/2020,8,Midlands,0.055837,0.000000,0.055837
Forecast,2024,31/08/2020,9,Eastern,0.217531,0.000000,0.217531
Forecast,2024,31/08/2020,10,South Wales,0.000000,0.000000,0.000000
Forecast,2024,31/08/2020,11,South East,0.627588,0.000000,0.627588
Forecast,2024,31/08/2020,12,London,0.751695,0.000000,0.751695
Forecast,2024,31/08/2020,13,Southern,0.798417,0.000000,0.798417
Forecast,2024,31/08/2020,14,South Western,0.726852,0.000000,0.726852
Forecast,2025,31/08/2020,1,Northern Scotland,0.000000,0.000000,0.000000
Forecast,2025,31/08/2020,2,Southern Scotland,0.000000,0.000000,0.000000
Forecast,2025,31/08/2020,3,Northern,0.000000,0.000000,0.000000
Forecast,2025,31/08/2020,4,North West,0.000000,0.000000,0.000000
Forecast,2025,31/08/2020,5,Yorkshire,0.000000,0.000000,0.000000
Forecast,2025,31/08/2020,6,N Wales & Mersey,0.000000,0.000000,0.000000
Forecast,2025,31/08/2020,7,East Midlands,0.000000,0.000000,0.000000
Forecast,2025,31/08/2020,8,Midlands,0.084459,0.000000,0.084459
Forecast,2025,31/08/2020,9,Eastern,0.102495,0.000000,0.102495
Forecast,2025,31/08/2020,10,South Wales,0.000000,0.000000,0.000000
Forecast,2025,31/08/2020,11,South East,0.654999,0.000000,0.654999
Forecast,2025,31/08/2020,12,London,0.631334,0.000000,0.631334
Forecast,2025,31/08/2020,13,Southern,0.850915,0.000000,0.850915
Forecast,2025,31/08/2020,14,South Western,0.942932,0.000000,0.942932
Forecast,2026,31/08/2020,1,Northern Scotland,0.000000,0.000000,0.000000
Forecast,2026,31/08/2020,2,Southern Scotland,0.000000,0.000000,0.000000
Forecast,2026,31/08/2020,3,Northern,0.000000,0.000000,0.000000
Forecast,2026,31/08/2020,4,North West,0.000000,0.000000,0.000000
Forecast,2026,31/08/2020,5,Yorkshire,0.000000,0.000000,0.000000
Forecast,2026,31/08/2020,6,N Wales & Mersey,0.000000,0.000000,0.000000
Forecast,2026,31/08/2020,7,East Midlands,0.000000,0.000000,0.000000
Forecast,2026,31/08/2020,8,Midlands,0.000000,0.000000,0.000000
Forecast,2026,31/08/2020,9,Eastern,0.142358,0.000000,0.142358
Forecast,2026,31/08/2020,10,South Wales,0.038944,0.000000,0.038944
Forecast,2026,31/08/2020,11,South East,0.692279,0.000000,0.692279
Forecast,2026,31/08/2020,12,London,0.784324,0.000000,0.784324
Forecast,2026,31/08/2020,13,Southern,0.859251,0.000000,0.859251
Forecast,2026,31/08/2020,14,South Western,1.013372,0.000000,1.013372
